brettyoshi9,Code Geass: Fukkatsu no Lelouch,97880,75,COMPLETED
brettyoshi9,Code Geass: Hangyaku no Lelouch,1575,85,COMPLETED
brettyoshi9,Code Geass: Hangyaku no Lelouch R2,2904,85,COMPLETED
brettyoshi9,DEATH NOTE,1535,75,COMPLETED
brettyoshi9,HUNTER×HUNTER (2011),11061,85,COMPLETED
brettyoshi9,Log Horizon,17265,85,COMPLETED
brettyoshi9,Mirai Nikki,10620,10,COMPLETED
brettyoshi9,MONSTER,19,80,COMPLETED
brettyoshi9,Shin Seiki Evangelion,30,80,COMPLETED
brettyoshi9,No Game No Life,19815,65,COMPLETED
brettyoshi9,One Punch Man,21087,60,COMPLETED
brettyoshi9,Pocket Monsters Advanced Generation: Mew to Hadou no Yuusha Lucario,1526,65,COMPLETED
brettyoshi9,Pocket Monsters Diamond & Pearl: Dialga VS Palkia VS Darkrai,2847,65,COMPLETED
brettyoshi9,Pocket Monsters Diamond & Pearl: Giratina to Sora no Hanataba Sheimi,4026,60,COMPLETED
brettyoshi9,Pocket Monsters: Maboroshi no Pokémon Lugia Bakutan,1117,60,COMPLETED
brettyoshi9,PSYCHO-PASS,13601,85,COMPLETED
brettyoshi9,PSYCHO-PASS 2,20513,40,COMPLETED
brettyoshi9,Samurai Champloo,205,60,COMPLETED
brettyoshi9,Shingeki no Kyojin,16498,75,COMPLETED
brettyoshi9,Shingeki no Kyojin 2,20958,75,COMPLETED
brettyoshi9,Shingeki no Kyojin 3,99147,70,COMPLETED
brettyoshi9,Steins;Gate,9253,100,COMPLETED
brettyoshi9,Steins;Gate 0,21127,90,COMPLETED
brettyoshi9,Sword Art Online,11757,40,COMPLETED
brettyoshi9,Sword Art Online II,20594,55,COMPLETED
brettyoshi9,Tengen Toppa Gurren Lagann,2001,75,COMPLETED
brettyoshi9,Cowboy Bebop,1,75,COMPLETED
brettyoshi9,Boku no Hero Academia,21459,45,COMPLETED
brettyoshi9,Boku no Hero Academia 2,21856,60,COMPLETED
brettyoshi9,Boku no Hero Academia 3,100166,40,COMPLETED
brettyoshi9,serial experiments lain,339,65,COMPLETED
brettyoshi9,Tengen Toppa Gurren Lagann: Lagann-hen,4565,80,COMPLETED
brettyoshi9,Steins;Gate: Fuka Ryouiki no Déjà vu,11577,75,COMPLETED
brettyoshi9,PSYCHO-PASS Movie,20514,80,COMPLETED
brettyoshi9,AKIRA,47,60,COMPLETED
brettyoshi9,Steins;Gate: Oukoubakko no Poriomania,10863,95,COMPLETED
brettyoshi9,Steins;Gate: Soumei Eichi no Cognitive Computing,20907,60,COMPLETED
brettyoshi9,Gyakkyou Burai Kaiji: Ultimate Survivor,3002,80,COMPLETED
brettyoshi9,"Shin Seiki Evangelion Movie: Air / Magokoro wo, Kimi ni",32,80,COMPLETED
brettyoshi9,Kimi no Na wa.,21519,70,COMPLETED
brettyoshi9,No Game No Life Zero,21875,30,COMPLETED
brettyoshi9,Suzumiya Haruhi no Yuuutsu,849,90,COMPLETED
brettyoshi9,Gyakkyou Burai Kaiji: Hakairoku-hen,10271,85,COMPLETED
brettyoshi9,One Outs,5040,85,COMPLETED
brettyoshi9,Suzumiya Haruhi no Yuuutsu (2009),4382,65,COMPLETED
brettyoshi9,Suzumiya Haruhi no Shoushitsu,7311,100,COMPLETED
brettyoshi9,Touhai Densetsu Akagi: Yami ni Maiorita Tensai,658,70,COMPLETED
brettyoshi9,Bakemonogatari,5081,90,COMPLETED
brettyoshi9,Gintama,918,100,COMPLETED
brettyoshi9,Zankyou no Terror,20661,75,COMPLETED
brettyoshi9,Tsumiki no Ie,5365,60,COMPLETED
brettyoshi9,Made in Abyss,97986,70,COMPLETED
brettyoshi9,PERFECT BLUE,437,75,COMPLETED
brettyoshi9,Cowboy Bebop: Tengoku no Tobira,5,70,COMPLETED
brettyoshi9,Kizumonogatari I: Tekketsu-hen,9260,65,COMPLETED
brettyoshi9,Kizumonogatari II: Nekketsu-hen,21399,75,COMPLETED
brettyoshi9,Kizumonogatari III: Reiketsu-hen,21400,70,COMPLETED
brettyoshi9,Nisemonogatari,11597,85,COMPLETED
brettyoshi9,Nekomonogatari (Kuro),15689,70,COMPLETED
brettyoshi9,Monogatari Series: Second Season,17074,100,COMPLETED
brettyoshi9,Hanamonogatari,20593,75,COMPLETED
brettyoshi9,Ping Pong THE ANIMATION,20607,65,COMPLETED
brettyoshi9,Guilty Crown,10793,40,COMPLETED
brettyoshi9,Ginga Eiyuu Densetsu,820,90,COMPLETED
brettyoshi9,Koukaku Kidoutai: STAND ALONE COMPLEX,467,70,COMPLETED
brettyoshi9,Yojouhan Shinwa Taikei,7785,80,COMPLETED
brettyoshi9,Mahou Shoujo Madoka☆Magica,9756,85,COMPLETED
brettyoshi9,Fate/Zero,10087,90,COMPLETED
brettyoshi9,Tsukimonogatari,20918,70,COMPLETED
brettyoshi9,Koyomimonogatari,21520,75,COMPLETED
brettyoshi9,Owarimonogatari,21262,80,COMPLETED
brettyoshi9,Owarimonogatari (Ge),21745,95,COMPLETED
brettyoshi9,Zoku Owarimonogatari,100815,80,COMPLETED
brettyoshi9,Kara no Kyoukai: Fukan Fuukei,2593,85,COMPLETED
brettyoshi9,Gintama',9969,100,COMPLETED
brettyoshi9,Gintama': Enchousen,15417,95,COMPLETED
brettyoshi9,Danshi Koukousei no Nichijou,11843,50,COMPLETED
brettyoshi9,Gintama: Kanketsu-hen - Yorozuya yo Eien Nare,15335,90,COMPLETED
brettyoshi9,Gintama°,20996,100,COMPLETED
brettyoshi9,Gintamaº: Aizome Kaori-hen,21588,75,COMPLETED
brettyoshi9,Gintama: Shinyaku Benizakura-hen,7472,80,COMPLETED
brettyoshi9,Gintama.,97889,95,COMPLETED
brettyoshi9,Gintama.: Porori-hen,99714,90,COMPLETED
brettyoshi9,Gintama.: Shirogane no Tamashii-hen,100784,95,COMPLETED
brettyoshi9,Gintama.: Shirogane no Tamashii-hen - Kouhan-sen,101925,100,COMPLETED
brettyoshi9,Hyouka,12189,100,COMPLETED
brettyoshi9,TRIGUN,6,70,COMPLETED
brettyoshi9,Fate/Zero 2nd Season,11741,90,COMPLETED
brettyoshi9,Kara no Kyoukai: Satsujin Kousatsu (Zen),3782,75,COMPLETED
brettyoshi9,Kara no Kyoukai: Tsuukaku Zanryuu,3783,80,COMPLETED
brettyoshi9,Kara no Kyoukai: Garan no Dou,4280,75,COMPLETED
brettyoshi9,Kara no Kyoukai: Mujun Rasen,4282,90,COMPLETED
brettyoshi9,Kara no Kyoukai: Boukyaku Rokuon,5204,75,COMPLETED
brettyoshi9,Seishun Buta Yarou wa Bunny Girl Senpai no Yume wo Minai,101291,60,COMPLETED
brettyoshi9,Ouran Koukou Host Club,853,75,COMPLETED
brettyoshi9,Kara no Kyoukai: Satsujin Kousatsu (Kou),5205,90,COMPLETED
brettyoshi9,Kara no Kyoukai: Shuushou,6954,50,COMPLETED
brettyoshi9,Kara no Kyoukai: Mirai Fukuin,14807,85,COMPLETED
brettyoshi9,Kara no Kyoukai Remix: Gate of seventh heaven,6624,80,COMPLETED
brettyoshi9,Kara no Kyoukai: Mirai Fukuin - extra chorus,20697,65,COMPLETED
brettyoshi9,Kimi no Suizou wo Tabetai,99750,90,COMPLETED
brettyoshi9,3-gatsu no Lion,21366,75,COMPLETED
brettyoshi9,"Lord El-Melloi II-sei no Jikenbo: ""Rail Zeppelin"" Grace note - Hakamori to Neko to Majutsu-shi",106862,65,COMPLETED
brettyoshi9,"Lord El-Melloi II-sei no Jikenbo: ""Rail Zeppelin"" Grace note",106918,70,COMPLETED
brettyoshi9,Charlotte,20997,65,COMPLETED
brettyoshi9,Youkoso Jitsuryoku Shijou Shugi no Kyoushitsu e,98659,75,COMPLETED
brettyoshi9,Danshi Koukousei no Nichijou Specials,12893,55,COMPLETED
brettyoshi9,Kono Subarashii Sekai ni Shukufuku wo!,21202,60,COMPLETED
brettyoshi9,Yahari Ore no Seishun Love Come wa Machigatteiru.,14813,100,COMPLETED
brettyoshi9,"Yahari Ore no Seishun Love Come wa Machigatteiru. Zoku: Kitto, Onnanoko wa Osatou to Spice to Suteki na Nanika de Dekiteiru",21769,75,COMPLETED
brettyoshi9,Hyouka: Motsubeki Mono wa,13469,80,COMPLETED
brettyoshi9,Aldnoah.Zero,20632,70,COMPLETED
brettyoshi9,Re:Zero kara Hajimeru Isekai Seikatsu,21355,80,COMPLETED
brettyoshi9,Yojouhan Shinwa Taikei Specials,8985,45,COMPLETED
brettyoshi9,Princess Principal,98505,70,COMPLETED
brettyoshi9,Kono Subarashii Sekai ni Shukufuku wo!: Kono Subarashii Choker ni Shukufuku wo!,21574,70,COMPLETED
brettyoshi9,Kono Subarashii Sekai ni Shukufuku wo! 2,21699,65,COMPLETED
brettyoshi9,Kono Subarashii Sekai ni Shukufuku wo! 2: Kono Subarashii Geijutsu ni Shukufuku wo!,97996,55,COMPLETED
brettyoshi9,Dead Leaves,974,30,COMPLETED
brettyoshi9,Golden Kamuy,99699,80,COMPLETED
brettyoshi9,Seishun Buta Yarou wa Yumemiru Shoujo no Yume wo Minai,104157,40,COMPLETED
brettyoshi9,Juuni Kokuki,153,70,COMPLETED
brettyoshi9,Golden Kamuy 2nd Season,102977,85,COMPLETED
brettyoshi9,Gintama: THE FINAL,114129,100,COMPLETED
brettyoshi9,Metropolis,522,20,COMPLETED
brettyoshi9,FLCL,227,30,COMPLETED
brettyoshi9,Sennen Joyuu,1033,65,COMPLETED
brettyoshi9,GHOST IN THE SHELL: Koukaku Kidoutai,43,60,COMPLETED
brettyoshi9,Yahari Ore no Seishun Love Come wa Machigatteiru. Kan,108489,100,COMPLETED
brettyoshi9,Golden Kamuy OVA,101830,60,COMPLETED
brettyoshi9,Nyoro-n☆Churuya-san,5957,65,COMPLETED
brettyoshi9,Mob Psycho 100,21507,65,COMPLETED
brettyoshi9,K-ON!,5680,90,COMPLETED
brettyoshi9,Koe no Katachi,20954,70,COMPLETED
brettyoshi9,Angel Beats!,6547,75,COMPLETED
brettyoshi9,WHITE ALBUM 2,18245,40,COMPLETED
brettyoshi9,Log Horizon 2,20671,75,COMPLETED
brettyoshi9,Ano Hi Mita Hana no Namae wo Bokutachi wa Mada Shiranai.,9989,60,COMPLETED
brettyoshi9,Ookami to Koushinryou,2966,80,COMPLETED
brettyoshi9,RAINBOW: Nisha Rokubou no Shichinin,6114,70,COMPLETED
brettyoshi9,Shoujo Shuumatsu Ryokou,99420,85,COMPLETED
brettyoshi9,Quanzhi Gaoshou,98861,65,COMPLETED
brettyoshi9,Mahouka Koukou no Rettousei,20458,65,COMPLETED
brettyoshi9,Hajimari no Boukensha-tachi: Legend of Crystania,515,40,COMPLETED
brettyoshi9,Shoujo Kakumei Utena,440,65,COMPLETED
brettyoshi9,Harmonie,20501,55,COMPLETED
brettyoshi9,Tetsuwan Birdy DECODE,3974,20,COMPLETED
brettyoshi9,Tokyo Godfathers,759,50,COMPLETED
brettyoshi9,Log Horizon: Entaku Houkai,114862,80,COMPLETED
brettyoshi9,Hotaru no Haka,578,65,COMPLETED
brettyoshi9,Jinrui wa Suitai Shimashita,10357,85,COMPLETED
brettyoshi9,Kimi ga Nozomu Eien,147,50,COMPLETED
brettyoshi9,Onkyou Seimeitai Noiseman,1978,45,COMPLETED
brettyoshi9,Fune wo Amu,21703,45,COMPLETED
brettyoshi9,Sanctuary,2698,45,COMPLETED
brettyoshi9,Carnival Phantasm,10012,75,COMPLETED
brettyoshi9,Moyashimon,3001,55,COMPLETED
brettyoshi9,Quanzhi Gaoshou Specials,101410,70,COMPLETED
brettyoshi9,Quanzhi Gaoshou: Dianfeng Rongyao,108981,65,COMPLETED
brettyoshi9,VINLAND SAGA,101348,75,COMPLETED
brettyoshi9,Boogiepop wa Warawanai: Boogiepop Phantom,369,60,COMPLETED
brettyoshi9,Sonic the Hedgehog,2263,60,COMPLETED
brettyoshi9,Kidou Keisatsu Patlabor,1288,40,COMPLETED
brettyoshi9,Promare,99425,20,COMPLETED
brettyoshi9,Promare: SIDE Lio,111789,20,COMPLETED
brettyoshi9,Promare: SIDE Galo,110261,20,COMPLETED
brettyoshi9,Mahou Shoujo Madoka☆Magica: Hangyaku no Monogatari,11981,85,COMPLETED
brettyoshi9,Detonator Orgun,1178,45,COMPLETED
brettyoshi9,Mob Psycho 100 II,101338,70,COMPLETED
brettyoshi9,Mob Psycho 100: Daiikkai Rei toka Soudansho Ian Ryokou - Kokoro Mitasu Iyashi no Tabi,109819,65,COMPLETED
brettyoshi9,3-gatsu no Lion 2,98478,85,COMPLETED
brettyoshi9,K-ON!: Live House!,6862,80,COMPLETED
brettyoshi9,Yahari Ore no Seishun Love Come wa Machigatteiru.: Kochira to Shite mo Karera Kanojora no Yukusue ni Sachi Ookaran Koto wo Negawazaru wo Enai.,18753,80,COMPLETED
brettyoshi9,K-ON!!,7791,100,COMPLETED
brettyoshi9,K-ON!!: Keikaku!,9734,80,COMPLETED
brettyoshi9,K-ON! Movie,9617,100,COMPLETED
brettyoshi9,Ao no 6-gou,1051,45,COMPLETED
brettyoshi9,Yoru wa Mijikashi Arukeyo Otome,97917,70,COMPLETED
brettyoshi9,Yokohama Kaidashi Kikou,975,50,COMPLETED
brettyoshi9,Kono Subarashii Sekai ni Shukufuku wo! Kurenai Densetsu,102976,50,COMPLETED
brettyoshi9,Black★Rock Shooter (OVA),7059,65,COMPLETED
brettyoshi9,Paprika,1943,55,COMPLETED
brettyoshi9,Kotonoha no Niwa,16782,50,COMPLETED
brettyoshi9,Gintama: Jump Festa 2005 Special,2951,80,COMPLETED
brettyoshi9,Gintama: Jump Festa 2008 Special,6945,70,COMPLETED
brettyoshi9,Gintama: Dai Hanseikai,10643,70,COMPLETED
brettyoshi9,Gintama': Futon ni Haitte kara Buki Nokoshi ni Kizuite Neru ni Nerenai Toki mo Aru,20882,65,COMPLETED
brettyoshi9,Gintama: Jump Festa 2015 Special,21501,80,COMPLETED
brettyoshi9,Hajime no Ippo: THE FIGHTING!,263,95,COMPLETED
brettyoshi9,GOLDEN BOY: Sasurai no Obenkyou Yarou,268,75,COMPLETED
brettyoshi9,Kareshi Kanojo no Jijou,145,65,COMPLETED
brettyoshi9,Initial D,185,80,COMPLETED
brettyoshi9,Kidou Keisatsu Patlabor: The Movie,1095,45,COMPLETED
brettyoshi9,Kidou Keisatsu Patlabor 2: the Movie,1096,70,COMPLETED
brettyoshi9,Kobayashi-san Chi no Maidragon,21776,55,COMPLETED
brettyoshi9,Amagi Brilliant Park,20602,75,COMPLETED
brettyoshi9,Nichijou,10165,80,COMPLETED
brettyoshi9,Sora yori mo Tooi Basho,99426,60,COMPLETED
brettyoshi9,Bungou Stray Dogs,21311,70,COMPLETED
brettyoshi9,Hibike! Euphonium,20912,80,COMPLETED
brettyoshi9,Shouwa Genroku Rakugo Shinjuu,20972,70,COMPLETED
brettyoshi9,Sky Crawlers,3089,30,COMPLETED
brettyoshi9,GUILTY CROWN: Lost Christmas,13411,60,COMPLETED
brettyoshi9,Hibike! Euphonium: Kakedasu Monaka,21376,60,COMPLETED
brettyoshi9,Hibike! Euphonium 2,21460,90,COMPLETED
brettyoshi9,Hibike! Euphonium: Suisougaku-bu no Nichijou,21255,60,COMPLETED
brettyoshi9,Hibike! Euphonium 2 Specials,98338,50,COMPLETED
brettyoshi9,Hibike! Euphonium: Chikai no Finale,101992,75,COMPLETED
brettyoshi9,Mirai Nikki: Redial,16762,20,COMPLETED
brettyoshi9,Liz to Aoi Tori,100178,30,COMPLETED
brettyoshi9,Charlotte: Tsuyoimono-tachi,21339,65,COMPLETED
brettyoshi9,Ginga Eiyuu Densetsu: Waga Yuku wa Hoshi no Taikai,3014,75,COMPLETED
brettyoshi9,Ginga Eiyuu Densetsu: Arata Naru Tatakai no Overture,3016,85,COMPLETED
brettyoshi9,Hotarubi no Mori e,10408,65,COMPLETED
brettyoshi9,Sakamichi no Apollon,12531,80,COMPLETED
brettyoshi9,Hidamari Sketch,1852,75,COMPLETED
brettyoshi9,Penguin Highway,101249,75,COMPLETED
brettyoshi9,Emiya-san Chi no Kyou no Gohan,100855,70,COMPLETED
brettyoshi9,So Ra No Wo To,6802,65,COMPLETED
brettyoshi9,Tenki no Ko,106286,55,COMPLETED
brettyoshi9,Ginga Eiyuu Densetsu Gaiden: Rasen Meikyuu,3665,80,COMPLETED
brettyoshi9,"Ginga Eiyuu Densetsu Gaiden: Senoku no Hoshi, Senoku no Hikari",3371,75,COMPLETED
brettyoshi9,Shouwa Genroku Rakugo Shinjuu: Sukeroku Futatabi-hen,21733,75,COMPLETED
brettyoshi9,Kokoro ga Sakebitagatterun da.,20968,75,COMPLETED
brettyoshi9,Cross Game,5941,85,COMPLETED
brettyoshi9,Sayonara no Asa ni Yakusoku no Hana wo Kazarou,99457,65,COMPLETED
brettyoshi9,Usagi Drop,10162,85,COMPLETED
brettyoshi9,Mawaru Penguindrum,10721,40,COMPLETED
brettyoshi9,Kaguya-sama wa Kokurasetai: Tensaitachi no Renai Zunousen,101921,80,COMPLETED
brettyoshi9,Mimi wo Sumaseba,585,80,COMPLETED
brettyoshi9,Kyousougiga (TV),19703,65,COMPLETED
brettyoshi9,Nichijou no 0-wa,8857,80,COMPLETED
brettyoshi9,Ginga Eiyuu Densetsu Gaiden: Ougon no Tsubasa,3015,55,COMPLETED
brettyoshi9,Summer Wars,5681,40,COMPLETED
brettyoshi9,Arslan Senki (TV),20935,75,COMPLETED
brettyoshi9,Lucky☆Star,1887,80,COMPLETED
brettyoshi9,Hajime no Ippo: THE FIGHTING! Boxer no Kobushi,12069,75,COMPLETED
brettyoshi9,Hajime no Ippo: Champion Road,264,75,COMPLETED
brettyoshi9,Hajime no Ippo: Mashiba vs Kimura - Shikei Shikkou,265,90,COMPLETED
brettyoshi9,Hajime no Ippo: New Challenger,5258,95,COMPLETED
brettyoshi9,Kaguya-hime no Monogatari,16664,60,COMPLETED
brettyoshi9,Hajime no Ippo: Rising,19647,90,COMPLETED
brettyoshi9,Majo no Takkyuubin,512,60,COMPLETED
brettyoshi9,Lucky☆Star OVA,4472,70,COMPLETED
brettyoshi9,Sen to Chihiro no Kamikakushi,199,30,COMPLETED
brettyoshi9,Angel Densetsu,5251,70,COMPLETED
brettyoshi9,Katsugeki Touken Ranbu,21742,60,COMPLETED
brettyoshi9,Mononoke-hime,164,65,COMPLETED
brettyoshi9,Ookami Kodomo no Ame to Yuki,12355,80,COMPLETED
brettyoshi9,Stranger: Mukou Hadan,2418,60,COMPLETED
brettyoshi9,Kidou Senshi Gundam I,1090,20,COMPLETED
brettyoshi9,Shigofumi,3420,75,COMPLETED
brettyoshi9,AURA: Maryuuinkouga Saigo no Tatakai,14669,80,COMPLETED
brettyoshi9,ReLIFE,21049,80,COMPLETED
brettyoshi9,Shoujo Shuumatsu Jugyou,100180,70,COMPLETED
brettyoshi9,Angel Beats!: Another Epilogue,10067,65,COMPLETED
brettyoshi9,Angel Beats! Specials,9062,70,COMPLETED
brettyoshi9,Byousoku 5 Centimeter,1689,60,COMPLETED
brettyoshi9,Roujin Z,2000,60,COMPLETED
brettyoshi9,So Ra No Wo To Specials,8197,65,COMPLETED
brettyoshi9,Love Live! School idol project,15051,90,COMPLETED
brettyoshi9,Omoide Poro Poro,1029,45,COMPLETED
brettyoshi9,Dennou Coil,2164,80,COMPLETED
brettyoshi9,Senki Zesshou Symphogear,11751,70,COMPLETED
brettyoshi9,Evangelion Shin Movie: Jo,2759,75,COMPLETED
brettyoshi9,Evangelion Shin Movie: Ha,3784,85,COMPLETED
brettyoshi9,Evangelion Shin Movie: Kyuu,3785,80,COMPLETED
brettyoshi9,Grand Blue,100922,85,COMPLETED
brettyoshi9,TRIGUN: Badlands Rumble,4106,70,COMPLETED
brettyoshi9,Yuuki Yuuna wa Yuusha de Aru,20800,65,COMPLETED
brettyoshi9,Yuuki Yuuna wa Yuusha de Aru: Washio Sumi no Shou,100791,65,COMPLETED
brettyoshi9,Suzumiya Haruhi-chan no Yuuutsu,5118,80,COMPLETED
brettyoshi9,Saenai Heroine no Sodatekata,20657,85,COMPLETED
brettyoshi9,Golden Kamuy 2nd Season OVA,124756,70,COMPLETED
brettyoshi9,THE IDOLM@STER,10278,85,COMPLETED
brettyoshi9,Yuuki Yuuna wa Yuusha de Aru: Yuusha no Shou,97769,70,COMPLETED
brettyoshi9,Mirai Shounen Conan,302,20,COMPLETED
brettyoshi9,Lupin III: Cagliostro no Shiro,1430,40,COMPLETED
brettyoshi9,Rikei ga Koi ni Ochita no de Shoumei shitemita.,107067,80,COMPLETED
brettyoshi9,Hagane no Renkinjutsushi: FULLMETAL ALCHEMIST,5114,75,COMPLETED
brettyoshi9,Kimetsu no Yaiba,101922,30,COMPLETED
brettyoshi9,Made in Abyss: Fukaki Tamashii no Reimei,100643,75,COMPLETED
brettyoshi9,Overlord,20832,70,COMPLETED
brettyoshi9,Mind Game,875,55,COMPLETED
brettyoshi9,Jinrui wa Suitai Shimashita Specials,15617,80,COMPLETED
brettyoshi9,Hataraku Maou-sama!,15809,65,COMPLETED
brettyoshi9,Koi wa Ameagari no You ni,98385,75,COMPLETED
brettyoshi9,Genius Party,3508,55,COMPLETED
brettyoshi9,Genius Party Beyond,6795,45,COMPLETED
brettyoshi9,Toki wo Kakeru Shoujo,2236,50,COMPLETED
brettyoshi9,Go-toubun no Hanayome,103572,75,COMPLETED
brettyoshi9,Tsuki ga Kirei,98202,80,COMPLETED
brettyoshi9,Nekojiru-sou,601,65,COMPLETED
brettyoshi9,Aggressive Retsuko,101571,40,COMPLETED
brettyoshi9,Gekkan Shoujo Nozaki-kun,20668,70,COMPLETED
brettyoshi9,Gekkan Shoujo Nozaki-kun Mini OVA,20869,70,COMPLETED
brettyoshi9,Ookami to Koushinryou II: Ookami to Kohakuiro no Yuuutsu,6007,80,COMPLETED
brettyoshi9,Ookami to Koushinryou II,5341,80,COMPLETED
brettyoshi9,Ookami to Koushinryou II Specials,6884,75,COMPLETED
brettyoshi9,"Doukyonin wa Hiza, Tokidoki, Atama no Ue.",103874,75,COMPLETED
brettyoshi9,Dororo,101347,20,COMPLETED
brettyoshi9,Tonari no Seki-kun,18139,75,COMPLETED
brettyoshi9,Tonari no Seki-kun OVA,20600,70,COMPLETED
brettyoshi9,Tonari no Seki-kun Specials,20738,70,COMPLETED
brettyoshi9,Top wo Nerae! GunBuster,949,75,COMPLETED
brettyoshi9,Danna ga Nani wo Itteiru ka Wakaranai Ken,20735,55,COMPLETED
brettyoshi9,Danna ga Nani wo Itteiru ka Wakaranai Ken 2-sure-me,21000,55,COMPLETED
brettyoshi9,REDLINE,6675,60,COMPLETED
brettyoshi9,Usagi Drop Specials,11113,80,COMPLETED
brettyoshi9,Tenkuu no Escaflowne,182,40,COMPLETED
brettyoshi9,Bungou Stray Dogs 2nd Season,21679,80,COMPLETED
brettyoshi9,Bungou Stray Dogs: Hitori Ayumu,21791,75,COMPLETED
brettyoshi9,Bungou Stray Dogs: DEAD APPLE,98384,70,COMPLETED
brettyoshi9,Bungou Stray Dogs 3rd Season,103223,75,COMPLETED
brettyoshi9,Sewayaki Kitsune no Senko-san,105914,50,COMPLETED
brettyoshi9,Luo Xiaohei Zhan Ji (Movie),112023,50,COMPLETED
brettyoshi9,Escaflowne,393,30,COMPLETED
brettyoshi9,Giant Robo THE ANIMATION: Chikyuu ga Seishi Suru Hi,2321,20,COMPLETED
brettyoshi9,Majo no Tabitabi,112609,90,COMPLETED
brettyoshi9,Tonikaku Kawaii,116267,75,COMPLETED
brettyoshi9,Shoujo Kakumei Utena: Adolescence Mokushiroku,441,70,COMPLETED
brettyoshi9,Hidamari Sketch Specials,3165,70,COMPLETED
brettyoshi9,Hidamari Sketch x 365,3604,75,COMPLETED
brettyoshi9,R.O.D -READ OR DIE-,208,60,COMPLETED
brettyoshi9,MINKY MOMO in Yume ni Kakeru Hashi,3462,65,COMPLETED
brettyoshi9,Hidamari Sketch x 365 Specials,6984,70,COMPLETED
brettyoshi9,Hidamari Sketch x ☆☆☆,7062,75,COMPLETED
brettyoshi9,Hidamari Sketch x ☆☆☆ Specials,9563,70,COMPLETED
brettyoshi9,Hidamari Sketch x SP,11237,70,COMPLETED
brettyoshi9,Shigofumi: Sorekara,4715,65,COMPLETED
brettyoshi9,Hidamari Sketch x Honeycomb,11239,75,COMPLETED
brettyoshi9,Hidamari Sketch: Sae Hiro Sotsugyou-hen,17739,75,COMPLETED
brettyoshi9,Masamune-kun no Revenge,21857,60,COMPLETED
brettyoshi9,Hadashi no Gen,1824,55,COMPLETED
brettyoshi9,Gake no Ue no Ponyo,2890,50,COMPLETED
brettyoshi9,"Uchiage Hanabi, Shita kara Miru ka? Yoko kara Miru ka?",97908,65,COMPLETED
brettyoshi9,Higurashi no Naku Koro ni,934,30,COMPLETED
brettyoshi9,Karigurashi no Arrietty,7711,70,COMPLETED
brettyoshi9,Meitantei Conan: Tokei Jikake no Matenrou,779,70,COMPLETED
brettyoshi9,Arslan Senki: Fuujin Ranbu,21424,70,COMPLETED
brettyoshi9,Hoshiai no Sora,104052,65,COMPLETED
brettyoshi9,Nerawareta Gakuen,14293,60,COMPLETED
brettyoshi9,Yuukoku no Moriarty,114124,80,COMPLETED
brettyoshi9,Zutto Mae kara Suki deshita.: Kokuhaku Jikkou Iinkai,21296,65,COMPLETED
brettyoshi9,Jaku-Chara Tomozaki-kun,112443,85,COMPLETED
brettyoshi9,Mushoku Tensei: Isekai Ittara Honki Dasu,108465,75,COMPLETED
brettyoshi9,Jujutsu Kaisen,113415,75,COMPLETED
brettyoshi9,SK∞,124153,75,COMPLETED
brettyoshi9,Horimiya,124080,70,COMPLETED
brettyoshi9,Bishounen Tanteidan,113428,60,COMPLETED
brettyoshi9,Wonder Egg Priority,124845,45,COMPLETED
brettyoshi9,Bungou Stray Dogs Wan!,120150,65,COMPLETED
brettyoshi9,Koutetsujou no Kabaneri,21196,55,COMPLETED
brettyoshi9,PUI PUI Molcar,127690,45,COMPLETED
brettyoshi9,Munou na Nana,117343,65,COMPLETED
brettyoshi9,Kamisama ni Natta Hi,118419,60,COMPLETED
brettyoshi9,Majokko Shimai no Yoyo to Nene,15813,55,COMPLETED
brettyoshi9,BanG Dream!,87435,70,COMPLETED
brettyoshi9,Maou-jou de Oyasumi,111428,70,COMPLETED
brettyoshi9,Akudama Drive,116566,60,COMPLETED
brettyoshi9,IDOLY PRIDE,113814,85,COMPLETED
brettyoshi9,Sora no Aosa wo Shiru Hito yo,108577,60,COMPLETED
brettyoshi9,Zombie Land Saga,103871,80,COMPLETED
brettyoshi9,Hypnosis Mic: Division Rap Battle - Rhyme Anima,113652,65,COMPLETED
brettyoshi9,Love Live! Nijigasaki Gakuen School Idol Doukoukai,113970,85,COMPLETED
brettyoshi9,Shoujo☆Kageki Revue Starlight,98658,80,COMPLETED
brettyoshi9,SSSS.GRIDMAN,99424,65,COMPLETED
brettyoshi9,Super Danganronpa 2.5 Komaeda Nagito to Sekai no Hakaimono,98153,70,COMPLETED
brettyoshi9,Danganronpa 3: The End of Kibougamine Gakuen - Mirai-hen,21509,80,COMPLETED
brettyoshi9,Danganronpa 3: The End of Kibougamine Gakuen - Zetsubou-hen,21825,75,COMPLETED
brettyoshi9,"Tantei wa mou, Shindeiru.",128712,70,COMPLETED
brettyoshi9,"Kimi to, Nami ni Noretara",105018,65,COMPLETED
brettyoshi9,86: Eighty Six,116589,90,COMPLETED
brettyoshi9,Josee to Tora to Sakanatachi,113596,80,COMPLETED
brettyoshi9,Odd Taxi,128547,75,COMPLETED
brettyoshi9,Bakuten!!,125839,70,COMPLETED
brettyoshi9,Wonder Egg Priority: Tokubetsu-hen,131773,20,COMPLETED
brettyoshi9,Hige wo Soru. Soshite Joshikousei wo Hirou.,114232,70,COMPLETED
brettyoshi9,Mashiro no Oto,122348,70,COMPLETED
brettyoshi9,"Slime Taoshite 300-nen, Shiranai Uchi ni Level MAX ni Nattemashita",112608,60,COMPLETED
brettyoshi9,Shiguang Dailiren,126403,80,COMPLETED
brettyoshi9,Shiguang Dailiren Special,136145,65,COMPLETED
brettyoshi9,Shiguang Dailiren II,136484,85,COMPLETED
brettyoshi9,Yuukoku no Moriarty Part 2,124858,80,COMPLETED
brettyoshi9,Super Cub,113418,65,COMPLETED
brettyoshi9,Initial D SECOND STAGE,186,80,COMPLETED
brettyoshi9,Shadows House,125038,70,COMPLETED
brettyoshi9,Initial D THIRD STAGE,187,70,COMPLETED
brettyoshi9,Danganronpa 3: The End of Kibougamine Gakuen - Kibou-hen,97672,80,COMPLETED
brettyoshi9,Vivy: Fluorite Eye’s Song,128546,75,COMPLETED
brettyoshi9,SSSS.DYNAZENON,113950,75,COMPLETED
brettyoshi9,Boku wa Tomodachi ga Sukunai,10719,60,COMPLETED
brettyoshi9,Gintama: THE SEMI-FINAL,126819,80,COMPLETED
brettyoshi9,Kageki Shoujo!!,125446,70,COMPLETED
brettyoshi9,Tonikaku Kawaii: SNS,127371,80,COMPLETED
brettyoshi9,Aldnoah.Zero 2,20853,65,COMPLETED
brettyoshi9,Love Live! School idol project 2nd Season,19111,95,COMPLETED
brettyoshi9,Kaze Tachinu,16662,65,COMPLETED
brettyoshi9,Love Live! The School Idol Movie,20766,95,COMPLETED
brettyoshi9,Bokutachi no Remake,114065,80,COMPLETED
brettyoshi9,Uma Musume: Pretty Derby,98514,75,COMPLETED
brettyoshi9,takt op.Destiny,131565,70,COMPLETED
brettyoshi9,Sonny Boy,132126,65,COMPLETED
brettyoshi9,Shin Evangelion Movie:||,3786,80,COMPLETED
brettyoshi9,Honobono Log,21795,50,COMPLETED
brettyoshi9,"Komi-san wa, Komyushou desu.",133965,30,COMPLETED
brettyoshi9,Love Live! Sunshine!!,21584,100,COMPLETED
brettyoshi9,Love Live! Superstar!!,114979,85,COMPLETED
brettyoshi9,Bungou Stray Dogs 4th Season,141249,80,COMPLETED
brettyoshi9,Hoshi no Koe,256,55,COMPLETED
brettyoshi9,Cider no You ni Kotoba ga Wakiagaru,107625,65,COMPLETED
brettyoshi9,"Kobayashi-san Chi no Maidragon: Valentine, Soshite Onsen! (Amari Kitai Shinaide Kudasai)",98580,60,COMPLETED
brettyoshi9,Deatte 5-byou de Battle,126047,60,COMPLETED
brettyoshi9,Kimetsu no Yaiba: Mugen Ressha-hen,112151,30,COMPLETED
brettyoshi9,Kaizoku Oujo,122052,65,COMPLETED
brettyoshi9,Heion Sedai no Idaten-tachi,122434,70,COMPLETED
brettyoshi9,Uramichi Oniisan,112802,65,COMPLETED
brettyoshi9,D4DJ First Mix,115069,80,COMPLETED
brettyoshi9,Jaku-Chara Tomozaki-kun OVA,127363,75,COMPLETED
brettyoshi9,Shiroi Suna no Aquatope,128545,85,COMPLETED
brettyoshi9,Bubble,142455,70,COMPLETED
brettyoshi9,Kimetsu no Yaiba: Yuukaku-hen,142329,20,COMPLETED
brettyoshi9,Owari no Seraph,20829,75,COMPLETED
brettyoshi9,Kobayashi-san Chi no Maidragon S,107717,60,COMPLETED
brettyoshi9,Mieruko-chan,131083,65,COMPLETED
brettyoshi9,SPY×FAMILY,140960,80,COMPLETED
brettyoshi9,Sword Art Online: Ordinal Scale,21403,65,COMPLETED
brettyoshi9,Tensai Ouji no Akaji Kokka Saisei Jutsu,129190,70,COMPLETED
brettyoshi9,Fate/stay night [Heaven's Feel] I. presage flower,20791,75,COMPLETED
brettyoshi9,Fate/stay night [Heaven's Feel] II. lost butterfly,21718,90,COMPLETED
brettyoshi9,Mushoku Tensei: Isekai Ittara Honki Dasu Part 2,127720,80,COMPLETED
brettyoshi9,"Kanojo, Okarishimasu",113813,75,COMPLETED
brettyoshi9,Fate/stay night [Heaven's Feel] III. spring song,21719,90,COMPLETED
brettyoshi9,Eiga Daisuki Pompo-san,99900,65,COMPLETED
brettyoshi9,Ryuu to Sobakasu no Hime,127271,50,COMPLETED
brettyoshi9,"Sekai Saikou no Ansatsusha, Isekai Kizoku ni Tensei suru",129898,65,COMPLETED
brettyoshi9,Kakushigoto: Himegoto wa Nandesuka,127227,65,COMPLETED
brettyoshi9,Howl no Ugoku Shiro,431,45,COMPLETED
brettyoshi9,THE IDOLM@STER Cinderella Girls,20693,75,COMPLETED
brettyoshi9,Tonari no Totoro,523,45,COMPLETED
brettyoshi9,Senpai ga Uzai Kouhai no Hanashi,120646,70,COMPLETED
brettyoshi9,Higurashi no Naku Koro ni Kai,1889,30,COMPLETED
brettyoshi9,Higurashi no Naku Koro ni: Nekogoroshi-hen,2899,50,COMPLETED
brettyoshi9,Carnival Phantasm EX Season,12187,70,COMPLETED
brettyoshi9,Carnival Phantasm: HibiChika Special,15927,70,COMPLETED
brettyoshi9,Love Live! School idol project OVA,20554,90,COMPLETED
brettyoshi9,Steins;Gate 0: Kesshou Takei no Valentine - Bittersweet Day,104174,70,COMPLETED
brettyoshi9,Puraore!: PRIDE OF ORANGE,126793,70,COMPLETED
brettyoshi9,Yuuki Yuuna wa Yuusha de Aru: Dai-Mankai no Shou,122292,55,COMPLETED
brettyoshi9,SELECTION PROJECT,126790,80,COMPLETED
brettyoshi9,Shingeki no Kyojin OVA,18397,65,COMPLETED
brettyoshi9,Shingeki no Kyojin Gaiden: Kuinaki Sentaku,20811,80,COMPLETED
brettyoshi9,Youkoso Jitsuryoku Shijou Shugi no Kyoushitsu e 2nd Season,145545,80,COMPLETED
brettyoshi9,Shingeki no Kyojin: LOST GIRLS,99634,70,COMPLETED
brettyoshi9,Fate/stay night: Unlimited Blade Works,19603,80,COMPLETED
brettyoshi9,Fate/stay night: Unlimited Blade Works 2nd Season,20792,85,COMPLETED
brettyoshi9,Fate/stay night: Unlimited Blade Works 2nd Season - sunny day,21318,60,COMPLETED
brettyoshi9,Shingeki no Kyojin 3 Part 2,104578,80,COMPLETED
brettyoshi9,Jujutsu Kaisen 0,131573,75,COMPLETED
brettyoshi9,Mushoku Tensei: Isekai Ittara Honki Dasu Part 2 - Eris no Goblin Toubatsu,141534,70,COMPLETED
brettyoshi9,Sono Bisque Doll wa Koi wo Suru,132405,70,COMPLETED
brettyoshi9,Vassalord.,15933,55,COMPLETED
brettyoshi9,BIRDIE WING: Golf Girls' Story,140830,65,COMPLETED
brettyoshi9,Paripi Koumei,141774,85,COMPLETED
brettyoshi9,Gakuen Handsome,21837,65,COMPLETED
brettyoshi9,BanG Dream!: Asonjatta,98847,75,COMPLETED
brettyoshi9,Akagami no Shirayuki-hime,21058,65,COMPLETED
brettyoshi9,"Akagami no Shirayuki-hime: Nandemonai Takaramono, Kono Page",21313,60,COMPLETED
brettyoshi9,Ryman's Club,140502,70,COMPLETED
brettyoshi9,Shoujo☆Kageki Revue Starlight Specials,103254,75,COMPLETED
brettyoshi9,Shoujo☆Kageki Revue Starlight Movie,113024,85,COMPLETED
brettyoshi9,Overlord II,98437,60,COMPLETED
brettyoshi9,[Oshi no Ko],150672,85,COMPLETED
brettyoshi9,D4DJ Double Mix,146321,70,COMPLETED
brettyoshi9,Tonikaku Kawaii: Seifuku,141212,75,COMPLETED
brettyoshi9,RWBY: Hyousetsu Teikoku,146668,65,COMPLETED
brettyoshi9,Rikei ga Koi ni Ochita no de Shoumei shitemita. r=1-sinθ (Heart),125124,80,COMPLETED
brettyoshi9,"Kanojo, Okarishimasu 2nd Season",124410,75,COMPLETED
brettyoshi9,Teekyuu,15125,60,COMPLETED
brettyoshi9,Teekyuu 2,18121,60,COMPLETED
brettyoshi9,Teekyuu 2 Specials,20450,55,COMPLETED
brettyoshi9,Teekyuu 3,20444,60,COMPLETED
brettyoshi9,Teekyuu 3 Specials,20834,55,COMPLETED
brettyoshi9,Teekyuu 4,20833,60,COMPLETED
brettyoshi9,Teekyuu 4 Specials,21438,55,COMPLETED
brettyoshi9,Extreme Hearts,145001,65,COMPLETED
brettyoshi9,Sword Art Online: Progressive - Hoshinaki Yoru no Aria,124140,70,COMPLETED
brettyoshi9,Hataraku Maou-sama!!,130592,65,COMPLETED
brettyoshi9,Imouto sae Ireba Ii.,98596,75,COMPLETED
brettyoshi9,Sword Art Online: Alicization,100182,50,COMPLETED
brettyoshi9,Kaguya-sama wa Kokurasetai?: Tensaitachi no Renai Zunousen,112641,85,COMPLETED
brettyoshi9,BanG Dream! Episode of Roselia I: Yakusoku,117763,90,COMPLETED
brettyoshi9,Re:Zero kara Hajimeru Isekai Seikatsu OVAs,100049,75,COMPLETED
brettyoshi9,Sword Art Online: Alicization - War of Underworld,108759,45,COMPLETED
brettyoshi9,Sword Art Online: Alicization - War of Underworld Part 2,114308,45,COMPLETED
brettyoshi9,Sword Art Online Alternative: Gun Gale Online,100183,45,COMPLETED
brettyoshi9,Lycoris Recoil,143270,80,COMPLETED
brettyoshi9,Love Live! Sunshine!! 2nd Season,98349,100,COMPLETED
brettyoshi9,Summer Time Render,129201,85,COMPLETED
brettyoshi9,Kaguya-sama wa Kokurasetai: Tensaitachi no Renai Zunousen OVA,125368,75,COMPLETED
brettyoshi9,Kaguya-sama wa Kokurasetai: Ultra Romantic,125367,90,COMPLETED
brettyoshi9,Made in Abyss: Retsujitsu no Ougonkyou,114745,80,COMPLETED
brettyoshi9,Yuukoku no Moriarty OVA,138700,70,COMPLETED
brettyoshi9,Yamada-kun to 7-nin no Majo,20966,65,COMPLETED
brettyoshi9,Shadows House 2nd Season,139093,75,COMPLETED
brettyoshi9,Amagi Brilliant Park: Nonbirishiteiru Hima ga Nai!,21077,70,COMPLETED
brettyoshi9,Amagi Brilliant Park: Wakuwaku Mini Theater Rakugaki Backstage,21053,65,COMPLETED
brettyoshi9,Cyberpunk: Edgerunners,120377,70,COMPLETED
brettyoshi9,SPY×FAMILY Part 2,142838,75,COMPLETED
brettyoshi9,Kidou Senshi Gundam: Suisei no Majo,139274,70,COMPLETED
brettyoshi9,SHINE POST,140753,80,COMPLETED
brettyoshi9,Blue Lock,137822,70,COMPLETED
brettyoshi9,Chainsaw Man,127230,75,COMPLETED
brettyoshi9,Mob Psycho 100 III,140439,60,COMPLETED
brettyoshi9,Bocchi the Rock!,130003,85,COMPLETED
brettyoshi9,ONE PIECE FILM: RED,141902,60,COMPLETED
brettyoshi9,Love Live! Sunshine!! The School Idol Movie: Over the Rainbow,100965,90,COMPLETED
brettyoshi9,Go-toubun no Hanayome ∬,109261,75,COMPLETED
brettyoshi9,Lupin III: THE FIRST,110413,55,COMPLETED
brettyoshi9,Full Metal Panic! The Second Raid: Wari to Hima na Sentaichou no Ichinichi,1015,65,COMPLETED
brettyoshi9,Choujikuu Yousai Macross: Ai Oboete Imasu ka,1089,65,COMPLETED
brettyoshi9,Go-toubun no Hanayome Movie,131520,75,COMPLETED
brettyoshi9,Love Live! Nijigasaki Gakuen School Idol Doukoukai 2,133891,90,COMPLETED
brettyoshi9,Arknights: Reimei Zensou,140660,60,COMPLETED
brettyoshi9,B Gata H Kei,7817,60,COMPLETED
brettyoshi9,Otonari no Tenshi-sama ni Itsunomanika Dame Ningen ni Sareteita Ken,143338,75,COMPLETED
brettyoshi9,BanG Dream! 2nd Season,101633,85,COMPLETED
brettyoshi9,86: Eighty Six Part 2,131586,95,COMPLETED
brettyoshi9,Date A Live,15583,60,COMPLETED
brettyoshi9,Hametsu no Mars,413,40,COMPLETED
brettyoshi9,Tenkuu Danzai Skelter Heaven,3287,45,COMPLETED
brettyoshi9,Sword Art Online: Progressive - Kuraki Yuuyami no Scherzo,140999,70,COMPLETED
brettyoshi9,Pole Princess!!: Pole Dance Show Movie,161927,95,COMPLETED
brettyoshi9,D4DJ All Mix,147216,80,COMPLETED
brettyoshi9,Boku wa Tomodachi ga Sukunai Episode 0: Yaminabe wa Bishoujo ga Zannen na Nioi,10897,60,COMPLETED
brettyoshi9,Kidou Senshi Gundam 0080: Pocket no Naka no Sensou,82,60,COMPLETED
brettyoshi9,Fate/Grand Order: Shinsei Entaku Ryouiki Camelot - Wandering; Agateram,103276,55,COMPLETED
brettyoshi9,Bananya,21704,60,COMPLETED
brettyoshi9,Kimi wa Houkago Insomnia,143653,75,COMPLETED
brettyoshi9,Suzume no Tojimari,142770,50,COMPLETED
brettyoshi9,Nijiyon Animation,154785,75,COMPLETED
brettyoshi9,Tonikaku Kawaii Season 2,141208,75,COMPLETED
brettyoshi9,Boku no Kokoro no Yabai Yatsu,153152,70,COMPLETED
brettyoshi9,Neo-Aspect,107741,100,COMPLETED
brettyoshi9,Yamada-kun to Lv999 no Koi wo Suru,154965,70,COMPLETED
brettyoshi9,Tengoku Daimakyou,155783,75,COMPLETED
brettyoshi9,Yuuri!!! on ICE,21709,65,COMPLETED
brettyoshi9,"Yahari Ore no Seishun Love Come wa Machigatteiru. Kan: Dakara, Shishunki wa Owarazu ni, Seishun wa Tsuzuiteiku.",128643,85,COMPLETED
brettyoshi9,Inu-ou,109928,50,COMPLETED
brettyoshi9,ReLIFE: Kanketsu-hen,98635,85,COMPLETED
brettyoshi9,Saenai Heroine no Sodatekata ♭,21180,85,COMPLETED
brettyoshi9,"Natsu e no Tunnel, Sayonara no Deguchi",142769,85,COMPLETED
brettyoshi9,Genjitsu no Yohane: SUNSHINE in the MIRROR,151513,75,COMPLETED
brettyoshi9,Nijiyon Animation Specials,159839,75,COMPLETED
brettyoshi9,Love Live! Nijigasaki Gakuen School Idol Doukoukai: NEXT SKY,157654,80,COMPLETED
brettyoshi9,Kimetsu no Yaiba: Katanakaji no Sato-hen,145139,20,COMPLETED
brettyoshi9,THE IDOLM@STER Cinderella Girls 2nd SEASON,21094,70,COMPLETED
brettyoshi9,Fate/strange Fake: Whispers of Dawn,154966,70,COMPLETED
brettyoshi9,Saenai Heroine no Sodatekata Fine,100675,85,COMPLETED
brettyoshi9,Tonikaku Kawaii: Joshikou-hen,166104,70,COMPLETED
brettyoshi9,Bungou Stray Dogs 5th Season,163263,85,COMPLETED
brettyoshi9,Undead Girl Murder Farce,162983,75,COMPLETED
brettyoshi9,Kaguya-sama wa Kokurasetai: First Kiss wa Owaranai,151384,80,COMPLETED
brettyoshi9,BanG Dream! FILM LIVE,108735,75,COMPLETED
brettyoshi9,BanG Dream! 3rd Season,101634,85,COMPLETED
brettyoshi9,Aishang Ta De Liyou,156111,60,COMPLETED
brettyoshi9,Mushoku Tensei II: Isekai Ittara Honki Dasu,146065,75,COMPLETED
brettyoshi9,Gokicha!! Cockroach Girl!,10258,30,COMPLETED
brettyoshi9,Koutetsujou no Kabaneri: Unato Kessen,97918,55,COMPLETED
brettyoshi9,BanG Dream! FILM LIVE 2nd Stage,116610,75,COMPLETED
brettyoshi9,Kill la Kill,18679,10,DROPPED
brettyoshi9,Heppoko Jikken Animation Excel Saga,379,55,DROPPED
brettyoshi9,Yahari Ore no Seishun Love Come wa Machigatteiru. Zoku,20698,100,REPEATING
brettyoshi9,Kamisama Hajimemashita,14713,30,DROPPED
brettyoshi9,Miira no Kaikata,99390,50,DROPPED
brettyoshi9,KAGEWANI,21225,20,DROPPED
brettyoshi9,Kakegurui,98314,10,DROPPED
brettyoshi9,Kakegurui ××,100876,10,DROPPED
brettyoshi9,Udon no Kuni no Kiniro Kemari,21631,50,DROPPED
brettyoshi9,Paradise Kiss,322,20,DROPPED
brettyoshi9,GOSICK,8425,55,DROPPED
brettyoshi9,Just Because!,98820,30,DROPPED
brettyoshi9,Gosenzo-sama Banbanzai!,4639,20,DROPPED
brettyoshi9,LISTENERS,109856,5,DROPPED
brettyoshi9,Kakushigoto,113311,55,DROPPED
brettyoshi9,Bungou to Alchemist: Shinpan no Haguruma,114411,30,DROPPED
brettyoshi9,Kami no Tou: Tower of God,115230,40,DROPPED
brettyoshi9,Otome Game no Hametsu Flag shika Nai Akuyaku Reijou ni Tensei shiteshimatta…,104647,50,DROPPED
brettyoshi9,Yesterday wo Utatte,109020,55,DROPPED
brettyoshi9,Full Metal Panic!,71,70,PAUSED
brettyoshi9,Ashita no Joe,2402,65,DROPPED
brettyoshi9,Dr. STONE,105333,45,DROPPED
brettyoshi9,Shakugan no Shana,355,40,DROPPED
brettyoshi9,Seto no Hanayome,2104,50,DROPPED
brettyoshi9,Golden Time,17895,70,PAUSED
brettyoshi9,NARUTO,20,65,PAUSED
brettyoshi9,Yu☆Gi☆Oh! Duel Monsters,481,55,PAUSED
brettyoshi9,BLEACH,269,70,PAUSED
brettyoshi9,Inuyasha,249,60,PAUSED
brettyoshi9,Rurouni Kenshin: Meiji Kenkaku Romantan,45,55,DROPPED
brettyoshi9,D.Gray-man,1482,55,DROPPED
brettyoshi9,FAIRY TAIL,6702,60,DROPPED
brettyoshi9,Katekyou Hitman REBORN!,1604,45,DROPPED
brettyoshi9,Soul Eater,3588,50,DROPPED
brettyoshi9,GOD EATER,20849,55,DROPPED
brettyoshi9,"Kumo desu ga, Nani ka?",103632,55,DROPPED
brettyoshi9,Gokushufudou,125426,40,DROPPED
brettyoshi9,2.43: Seiin Koukou Danshi Volley-bu,113231,45,DROPPED
brettyoshi9,Kemono Jihen,114085,40,DROPPED
brettyoshi9,NOBLESSE,116005,30,DROPPED
brettyoshi9,100-man no Inochi no Ue ni Ore wa Tatteiru,116242,55,DROPPED
brettyoshi9,Ikebukuro West Gate Park,111324,60,DROPPED
brettyoshi9,Liar Liar,131863,45,CURRENT
brettyoshi9,Ura Sekai Picnic,116287,60,DROPPED
brettyoshi9,Osananajimi ga Zettai ni Makenai Love Come,124675,60,DROPPED
brettyoshi9,"Sentouin, Hakenshimasu!",116588,55,DROPPED
brettyoshi9,"Ijiranaide, Nagatoro-san",120697,10,DROPPED
brettyoshi9,Kyuukyoku Shinka Shita Full Dive RPG ga Genjitsu yori mo Kusogee Dattara,126791,50,DROPPED
brettyoshi9,Koi to Yobu ni wa Kimochi Warui,114840,50,DROPPED
brettyoshi9,Shin Getter Robo vs. Neo Getter Robo,938,30,DROPPED
brettyoshi9,Gabriel Dropout,21878,50,DROPPED
brettyoshi9,Kidou Senshi Gundam: Dai 08 MS Shotai,81,45,DROPPED
brettyoshi9,Fumetsu no Anata e,114535,10,DROPPED
brettyoshi9,Tokyo Revengers,120120,20,DROPPED
brettyoshi9,Kai Byoui Ramune,123779,55,DROPPED
brettyoshi9,Kanojo mo Kanojo,126192,50,DROPPED
brettyoshi9,Shinigami Bocchan to Kuro Maid,129277,50,CURRENT
brettyoshi9,Tsuki ga Michibiku Isekai Douchuu,125206,50,DROPPED
brettyoshi9,D-Frag!,20031,65,PAUSED
brettyoshi9,Ousama Ranking,113717,40,DROPPED
brettyoshi9,Darwin's Game,105190,40,DROPPED
brettyoshi9,ONE PIECE,21,30,PAUSED
brettyoshi9,RE-MAIN,130549,45,DROPPED
brettyoshi9,Kimetsu no Yaiba: Mugen Ressha-hen (TV),129874,40,DROPPED
brettyoshi9,Genjitsu Shugi Yuusha no Oukoku Saikenki,117612,60,DROPPED
brettyoshi9,Jahy-sama wa Kujikenai!,132456,20,DROPPED
brettyoshi9,Vanitas no Carte,131646,55,DROPPED
brettyoshi9,Hyakuren no Haou to Seiyaku no Valkyria,101289,30,DROPPED
brettyoshi9,Shinka no Mi: Shiranai Uchi ni Kachigumi Jinsei,129068,20,DROPPED
brettyoshi9,Saihate no Paladin,132473,40,DROPPED
brettyoshi9,Blue Period,128705,55,DROPPED
brettyoshi9,"Shin no Nakama ja Nai to Yuusha no Party wo Oidasareta node, Henkyou de Slow Life suru Koto ni shimashita",126213,55,DROPPED
brettyoshi9,THE Big O,567,50,DROPPED
brettyoshi9,Taishou Otome Otogibanashi,127412,55,DROPPED
brettyoshi9,Heike Monogatari,138714,50,DROPPED
brettyoshi9,Tsuki to Laika to Nosferatu,131019,60,DROPPED
brettyoshi9,Platinum End,127401,50,DROPPED
brettyoshi9,Akebi-chan no Sailor Fuku,131548,50,DROPPED
brettyoshi9,Slow Loop,127549,65,DROPPED
brettyoshi9,Dolls' Frontline,128828,50,DROPPED
brettyoshi9,Tomodachi Game,141014,30,DROPPED
brettyoshi9,Lupin III: Part II,1425,40,DROPPED
brettyoshi9,Tokyo 24-ku,140643,60,DROPPED
brettyoshi9,"Komi-san wa, Komyushou desu. 2",142984,30,DROPPED
brettyoshi9,Sabikui Bisco,130591,55,DROPPED
brettyoshi9,Sasaki to Miyano,126288,45,DROPPED
brettyoshi9,Kawaii dake ja Nai Shikimori-san,127911,55,DROPPED
brettyoshi9,Kunoichi Tsubaki no Mune no Uchi,141350,30,DROPPED
brettyoshi9,Mamahaha no Tsurego ga Motokano datta,136934,60,CURRENT
brettyoshi9,Kakkou no Iinazuke,132052,60,DROPPED
brettyoshi9,Kotarou wa Hitorigurashi,139589,55,DROPPED
brettyoshi9,"Gaikotsu Kishi-sama, Tadaima Isekai e Odekakechuu",132474,40,DROPPED
brettyoshi9,Koroshi Ai,127050,60,DROPPED
brettyoshi9,Deaimon,132532,50,DROPPED
brettyoshi9,TRIBE NINE,139804,65,DROPPED
brettyoshi9,Aoashi,134732,65,PAUSED
brettyoshi9,Hakozume: Kouban Joshi no Gyakushuu,137312,45,DROPPED
brettyoshi9,CUE!,125682,65,DROPPED
brettyoshi9,ORIENT,128034,50,DROPPED
brettyoshi9,Love All Play,137633,55,DROPPED
brettyoshi9,Healer Girl,133412,60,DROPPED
brettyoshi9,Shokei Shoujo no Virgin Road,129193,55,DROPPED
brettyoshi9,Otomege Sekai wa Mob ni Kibishii Sekai desu,142074,50,DROPPED
brettyoshi9,"Shijou Saikyou no Daimaou, Murabito A ni Tensei suru",130586,60,DROPPED
brettyoshi9,"Yuusha, Yamemasu",140457,50,DROPPED
brettyoshi9,Shikkakumon no Saikyou Kenja,129191,60,DROPPED
brettyoshi9,Death March Kara Hajimaru Isekai Kyousoukyoku,97907,30,DROPPED
brettyoshi9,Kenja no Mago,100112,50,DROPPED
brettyoshi9,Koi wa Sekai Seifuku no Ato de,132010,65,DROPPED
brettyoshi9,Nourin,18095,55,PAUSED
brettyoshi9,Rokujouma no Shinryakusha!?,20638,40,DROPPED
brettyoshi9,Ryuugajou Nanana no Maizoukin,20556,50,DROPPED
brettyoshi9,Heroine Tarumono!: Kiraware Heroine to Naisho no Oshigoto,138459,50,DROPPED
brettyoshi9,Aharen-san wa Hakarenai,137281,65,DROPPED
brettyoshi9,Renmei Kuugun Koukuu Mahou Ongakutai: Luminous Witches,103118,50,DROPPED
brettyoshi9,"Tensei Kenja no Isekai Life: Daini no Shokugyo wo Ete, Sekai Saikyou ni Narimashita",129192,55,DROPPED
brettyoshi9,Isekai Oji-san,135806,40,DROPPED
brettyoshi9,Kinsou no Vermeil: Gakeppuchi Majutsushi wa Saikyou no Yakusai to Mahou Sekai wo Tsuki Susumu,146210,55,DROPPED
brettyoshi9,Isekai Yakkyoku,136707,55,DROPPED
brettyoshi9,Hoshi no Samidare,144323,55,DROPPED
brettyoshi9,Soredemo Ayumu wa Yosetekuru,128223,50,DROPPED
brettyoshi9,Kami Kuzu☆Idol,142095,60,DROPPED
brettyoshi9,Isekai Meikyuu de Harem wo,127090,40,DROPPED
brettyoshi9,Kumichou Musume to Sewagakari,138882,70,DROPPED
brettyoshi9,Engage Kiss,146625,50,DROPPED
brettyoshi9,Yofukashi no Uta,141391,55,DROPPED
brettyoshi9,Yuusha-Ou GaoGaiGar,890,40,DROPPED
brettyoshi9,Hokuto no Ken,967,40,DROPPED
brettyoshi9,Tensei Shitara Ken Deshita,139587,50,DROPPED
brettyoshi9,Shinobi no Ittoki,145604,40,DROPPED
brettyoshi9,Kage no Jitsuryokusha ni Naritakute!,130298,60,PAUSED
brettyoshi9,Gugure! Kokkuri-san,20656,55,DROPPED
brettyoshi9,Chio-chan no Tsuugakuro,99366,40,DROPPED
brettyoshi9,Urusei Yatsura (2022),143277,70,DROPPED
brettyoshi9,"Fuufu Ijou, Koibito Miman.",141949,65,CURRENT
brettyoshi9,Do It Yourself!!,131516,50,DROPPED
brettyoshi9,Akiba Meido Sensou,151379,50,DROPPED
brettyoshi9,Gilgamesh,385,45,DROPPED
brettyoshi9,Dokyuu Hentai HxEros,112818,20,DROPPED
brettyoshi9,Ben-To,10396,55,DROPPED
brettyoshi9,Soukou Musume Senki,119123,45,DROPPED
brettyoshi9,CONCEPTION,101609,30,DROPPED
brettyoshi9,Super Crooks,109946,40,DROPPED
brettyoshi9,Meng Qi Shi Shen,101973,50,DROPPED
brettyoshi9,Renai Flops,146676,50,DROPPED
brettyoshi9,Gleipnir,108241,60,DROPPED
brettyoshi9,Oemojisangjuui,158539,20,DROPPED
brettyoshi9,Romantic Killer,153930,55,DROPPED
brettyoshi9,Spy Kyoushitsu,146323,60,DROPPED
brettyoshi9,NieR:Automata Ver1.1a,145665,55,DROPPED
brettyoshi9,Tomo-chan wa Onnanoko!,151806,60,DROPPED
brettyoshi9,REVENGER,155202,55,DROPPED
brettyoshi9,HIGH CARD,135778,65,DROPPED
brettyoshi9,Ayakashi Triangle,142849,45,DROPPED
brettyoshi9,TRIGUN STAMPEDE,151040,55,DROPPED
brettyoshi9,Tsundere Akuyaku Reijou Liselotte to Jikkyou no Endou-kun to Kaisetsu no Kobayashi-san,143064,60,DROPPED
brettyoshi9,Buddy Daddies,155907,60,DROPPED
brettyoshi9,Kubo-san wa Mob wo Yurusanai,148969,60,PAUSED
brettyoshi9,TECHNOROID: OVERMIND,141062,50,DROPPED
brettyoshi9,Koori Zokusei Danshi to Cool na Douryou Joshi,151252,65,DROPPED
brettyoshi9,Eizouken ni wa Te wo Dasu na!,109298,60,DROPPED
brettyoshi9,Tensei Oujo to Tensai Reijou no Mahou Kakumei,153629,65,DROPPED
brettyoshi9,Hikari no Ou,125869,50,DROPPED
brettyoshi9,Sugar Apple Fairy Tale,139821,60,CURRENT
brettyoshi9,Saikyou Onmyouji no Isekai Tenseiki,144553,50,DROPPED
brettyoshi9,Ars no Kyojuu,155089,60,DROPPED
brettyoshi9,Ooyukiumi no Kaina,144144,60,DROPPED
brettyoshi9,Onii-chan wa Oshimai!,147864,40,DROPPED
brettyoshi9,Somali to Mori no Kamisama,108617,60,DROPPED
brettyoshi9,EX-ARM,106503,20,DROPPED
brettyoshi9,"Eiyuu-ou, Bu wo Kiwameru Tame Tenseisu: Soshite, Sekai Saikyou no Minarai Kishi♀",142193,50,DROPPED
brettyoshi9,D_CIDE TRAUMEREI THE ANIMATION,130997,55,DROPPED
brettyoshi9,Akuyaku Reijou nano de Last Boss wo Kattemimashita,139820,60,DROPPED
brettyoshi9,Gun x Sword,411,50,DROPPED
brettyoshi9,Runway de Waratte,111501,75,CURRENT
brettyoshi9,THE iDOLM@STER Cinderella Girls: U149,146975,70,CURRENT
brettyoshi9,Skip to Loafer,141911,65,DROPPED
brettyoshi9,My Home Hero,151189,70,DROPPED
brettyoshi9,Kono Subarashii Sekai ni Bakuen wo!,150075,50,DROPPED
brettyoshi9,World Dai Star,157765,70,DROPPED
brettyoshi9,Kanojo ga Koushaku-tei ni Itta Riyuu,151847,70,CURRENT
brettyoshi9,MASHLE,151801,45,DROPPED
brettyoshi9,Jigokuraku,128893,60,DROPPED
brettyoshi9,Ao no Orchestra,147369,55,DROPPED
brettyoshi9,Mahou Shoujo Magical Destroyers,134131,65,DROPPED
brettyoshi9,Otonari ni Ginga,148098,65,DROPPED
brettyoshi9,"Isekai de Cheat Skill wo Te ni Shita Ore wa, Genjitsu Sekai wo mo Musou Suru: Level Up wa Jinsei wo Kaeta",153845,30,DROPPED
brettyoshi9,Megami no Café Terrace,154412,55,CURRENT
brettyoshi9,Suki na Ko ga Megane wo Wasureta,160188,40,DROPPED
brettyoshi9,Tokyo Mew Mew New~♡,117196,55,CURRENT
brettyoshi9,Kaze no Stigma,1691,65,DROPPED
brettyoshi9,Sakura Trick,20047,50,PAUSED
brettyoshi9,Modao Zushi,101972,60,DROPPED
brettyoshi9,Zom 100: Zombie ni Naru Made ni Shitai 100 no Koto,159831,70,CURRENT
brettyoshi9,Horimiya: piece,163132,65,CURRENT
brettyoshi9,Nanatsu no Maken ga Shihai Suru,142598,55,DROPPED
brettyoshi9,Temple,160447,50,DROPPED
brettyoshi9,Niehime to Kemono no Ou,128715,60,CURRENT
brettyoshi9,Yumemiru Danshi wa Genjitsushugisha,157397,50,DROPPED
brettyoshi9,Jidou Hanbaiki ni Umarekawatta Ore wa Meikyuu wo Samayou,153360,55,DROPPED
brettyoshi9,Helck,145140,65,CURRENT
brettyoshi9,"Jitsu wa Ore, Saikyou Deshita?",154391,45,DROPPED
brettyoshi9,Shiro Seijo to Kuro Bokushi,150972,60,DROPPED
brettyoshi9,Rurouni Kenshin: Meiji Kenkaku Romantan (2023),142877,65,CURRENT
brettyoshi9,Gal to Kyouryuu,111323,60,DROPPED
brettyoshi9,MUTEKING THE Dancing HERO,109745,40,DROPPED
brettyoshi9,Kengan Ashura,100891,40,DROPPED
brettyoshi9,Kiznaiver,21421,50,DROPPED
brettyoshi9,Witchblade,935,40,DROPPED
brettyoshi9,Ojou to Banken-kun,155527,40,DROPPED
brettyoshi9,Hypnosis Mic -Division Rap Battle- Rhyme Anima+,163140,65,CURRENT
brettyoshi9,Digimon Ghost Game,137309,50,DROPPED
brettyoshi9,Ansatsu Kyoushitsu,20755,60,DROPPED
brettyoshi9,Undead Unluck,154116,30,DROPPED
brettyoshi9,Valkyrie no Shokutaku,110287,40,DROPPED
brettyoshi9,"Konyaku Haki sareta Reijou wo Hirotta Ore ga, Ikenai Koto wo Oshiekomu",154214,50,DROPPED
brettyoshi9,Paradox Live THE ANIMATION,150077,65,CURRENT
brettyoshi9,"Keikenzumi na Kimi to, Keiken Zero na Ore ga, Otsukiai suru Hanashi.",154459,40,DROPPED
brettyoshi9,Dogs: Bullets & Carnage,5593,55,DROPPED
brettyoshi9,Kikou Ryouhei Mellowlink,2048,50,DROPPED
brettyoshi9,Satsuriku no Tenshi,99629,40,DROPPED
brettyoshi9,Kannazuki no Miko,143,55,DROPPED
brettyoshi9,High School Fleet,21316,45,DROPPED
brettyoshi9,Tate no Yuusha no Nariagari,99263,50,PAUSED
brettyoshi9,Hoshikuzu Telepath,155419,65,CURRENT
brettyoshi9,Kamonohashi Ron no Kindan Suiri,158926,70,CURRENT
allmeta,Overlord II,98437,60,COMPLETED
allmeta,Overlord,20832,85,COMPLETED
allmeta,Death March Kara Hajimaru Isekai Kyousoukyoku,97907,60,COMPLETED
allmeta,Shokugeki no Souma: San no Sara,99255,85,COMPLETED
allmeta,Shoujo Shuumatsu Ryokou,99420,60,COMPLETED
allmeta,Ousama Game The Animation,99698,20,COMPLETED
allmeta,Imouto sae Ireba Ii.,98596,60,COMPLETED
allmeta,Boku no Kanojo ga Majime Sugiru Shoujo Bitch na Ken,98951,60,COMPLETED
allmeta,Itsudatte Bokura no Koi wa 10 cm Datta.,98977,85,COMPLETED
allmeta,Hajimete no Gal: Hajimete no Bunkasai,98878,50,COMPLETED
allmeta,Busou Shoujo Machiavellianism OVA,98856,60,COMPLETED
allmeta,Otome＊Domain THE ANIMATION,99441,60,COMPLETED
allmeta,Succuba Mist Story: Non-Human Life THE ANIMATION,100004,35,COMPLETED
allmeta,Implicity,99518,35,COMPLETED
allmeta,Kakegurui,98314,60,COMPLETED
allmeta,Made in Abyss,97986,85,COMPLETED
allmeta,Gamers!,97766,50,COMPLETED
allmeta,Tsurezure Children,98291,70,COMPLETED
allmeta,Youkoso Jitsuryoku Shijou Shugi no Kyoushitsu e,98659,70,COMPLETED
allmeta,Koi to Uso,98320,60,COMPLETED
allmeta,Hajimete no Gal,97863,50,COMPLETED
allmeta,Isekai wa Smartphone to Tomo ni.,98491,40,COMPLETED
allmeta,Aho-Girl,98251,40,COMPLETED
allmeta,Ballroom e Youkoso,98005,75,COMPLETED
allmeta,Tsuki ga Kirei,98202,85,COMPLETED
allmeta,Eromanga Sensei,21685,50,COMPLETED
allmeta,Rokudenashi Majutsu Koushi to Akashic Records,21700,50,COMPLETED
allmeta,Dungeon ni Deai wo Motomeru no wa Machigatteiru Darou ka Gaiden: Sword Oratoria,21676,60,COMPLETED
allmeta,Shuumatsu Nani Shitemasu ka? Isogashii desu ka? Sukutte Moratte Ii desu ka?,21860,50,COMPLETED
allmeta,Zero kara Hajimeru Mahou no Sho,97682,70,COMPLETED
allmeta,Renai Boukun,21517,40,COMPLETED
allmeta,Busou Shoujo Machiavellianism,21851,50,COMPLETED
allmeta,Sagrada Reset,97660,85,COMPLETED
allmeta,Masamune-kun no Revenge,21857,40,COMPLETED
allmeta,Youjo Senki,21613,85,COMPLETED
allmeta,Kuzu no Honkai,21701,65,COMPLETED
allmeta,ACCA: 13-ku Kansatsu-ka,21823,70,COMPLETED
allmeta,Seiren,97730,60,COMPLETED
allmeta,3-gatsu no Lion,21366,85,COMPLETED
allmeta,Nanbaka,21051,60,COMPLETED
allmeta,Kimi no Na wa.,21519,65,COMPLETED
allmeta,Mob Psycho 100,21507,70,COMPLETED
allmeta,ReLIFE,21049,80,COMPLETED
allmeta,Shokugeki no Souma: Ni no Sara,21518,75,COMPLETED
allmeta,orange,21647,75,COMPLETED
allmeta,Koe no Katachi,20954,55,COMPLETED
allmeta,NEW GAME!,21455,40,COMPLETED
allmeta,Handa-kun,21626,50,COMPLETED
allmeta,Boku no Hero Academia,21459,50,COMPLETED
allmeta,Re:Zero kara Hajimeru Isekai Seikatsu,21355,85,COMPLETED
allmeta,Koutetsujou no Kabaneri,21196,35,COMPLETED
allmeta,Kiznaiver,21421,50,COMPLETED
allmeta,Sakamoto desu ga?,21595,50,COMPLETED
allmeta,Gakusen Toshi Asterisk 2,21390,60,COMPLETED
allmeta,Sousei no Onmyouji,21499,31,COMPLETED
allmeta,Magi: Sinbad no Bouken,21394,85,COMPLETED
allmeta,Durarara!!x2 Ketsu: DuFuFuFu!!,21695,60,COMPLETED
allmeta,Boku dake ga Inai Machi,21234,85,COMPLETED
allmeta,Kono Subarashii Sekai ni Shukufuku wo!,21202,80,COMPLETED
allmeta,Hai to Gensou no Grimgar,21428,65,COMPLETED
allmeta,Musaigen no Phantom World,21306,40,COMPLETED
allmeta,"GATE: Jieitai Kanochi nite, Kaku Tatakaeri 2",21364,60,COMPLETED
allmeta,Durarara!!x2 Ketsu,20880,65,COMPLETED
allmeta,Shouwa Genroku Rakugo Shinjuu,20972,80,COMPLETED
allmeta,Nijiiro Days,21292,70,COMPLETED
allmeta,One Punch Man OVA,21416,60,COMPLETED
allmeta,One Punch Man,21087,85,COMPLETED
allmeta,Noragami ARAGOTO,21128,40,COMPLETED
allmeta,Rakudai Kishi no Cavalry,21092,50,COMPLETED
allmeta,Gakusen Toshi Asterisk,21131,50,COMPLETED
allmeta,K: RETURN OF KINGS,20913,60,COMPLETED
allmeta,Charlotte,20997,50,COMPLETED
allmeta,"GATE: Jieitai Kanochi nite, Kaku Tatakaeri",20994,60,COMPLETED
allmeta,GANGSTA.,20773,40,COMPLETED
allmeta,Shimoneta to Iu Gainen ga Sonzai Shinai Taikutsu na Sekai,20910,65,COMPLETED
allmeta,Durarara!!x2 Ten,20879,65,COMPLETED
allmeta,Himouto! Umaru-chan,20987,10,COMPLETED
allmeta,Classroom☆Crisis,21112,40,COMPLETED
allmeta,Shokugeki no Souma,20923,80,COMPLETED
allmeta,Yahari Ore no Seishun Love Come wa Machigatteiru. Zoku,20698,50,COMPLETED
allmeta,Yamada-kun to 7-nin no Majo,20966,80,COMPLETED
allmeta,Ore Monogatari!!,20946,65,COMPLETED
allmeta,Grisaia no Rakuen,21006,60,COMPLETED
allmeta,Arslan Senki (TV),20935,60,COMPLETED
allmeta,Nisekoi:,20876,40,COMPLETED
allmeta,Ansatsu Kyoushitsu,20755,70,COMPLETED
allmeta,Durarara!!x2 Shou,20652,65,COMPLETED
allmeta,Saenai Heroine no Sodatekata,20657,50,COMPLETED
allmeta,Shigatsu wa Kimi no Uso,20665,87,COMPLETED
allmeta,Trinity Seven,20631,50,COMPLETED
allmeta,Grisaia no Kajitsu,17729,60,COMPLETED
allmeta,Ookami Shoujo to Kuro Ouji,20701,70,COMPLETED
allmeta,Akatsuki no Yona,20770,60,COMPLETED
allmeta,Hitsugi no Chaika: AVENGING BATTLE,20719,40,COMPLETED
allmeta,Akame ga Kill!,20613,50,COMPLETED
allmeta,K: MISSING KINGS,16904,50,COMPLETED
allmeta,No Game No Life,19815,50,COMPLETED
allmeta,Mahouka Koukou no Rettousei,20458,60,COMPLETED
allmeta,Hitsugi no Chaika,20462,40,COMPLETED
allmeta,Gokukoku no Brynhildr,20534,60,COMPLETED
allmeta,Ping Pong THE ANIMATION,20607,80,COMPLETED
allmeta,Mangaka-san to Assistant-san to THE ANIMATION,20537,30,COMPLETED
allmeta,Bokura wa Minna Kawaisou,20529,40,COMPLETED
allmeta,Blade & Soul,20619,50,COMPLETED
allmeta,Noragami,20447,50,COMPLETED
allmeta,Nisekoi,18897,70,COMPLETED
allmeta,D-Frag!,20031,40,COMPLETED
allmeta,Sakura Trick,20047,30,COMPLETED
allmeta,"Saikin, Imouto no Yousu ga Chotto Okashiinda ga.",17777,40,COMPLETED
allmeta,Seitokai Yakuindomo＊,20448,30,COMPLETED
allmeta,Mahou Sensou,19769,50,COMPLETED
allmeta,"Inari, Konkon, Koi Iroha.",20488,60,COMPLETED
allmeta,Harmonie,20501,50,COMPLETED
allmeta,Toaru Hikuushi e no Koiuta,19117,70,COMPLETED
allmeta,Kyoukai no Kanata,18153,40,COMPLETED
allmeta,Log Horizon,17265,50,COMPLETED
allmeta,Golden Time,17895,50,COMPLETED
allmeta,Nagi no Asukara,16067,80,COMPLETED
allmeta,Magi: The kingdom of magic,18115,80,COMPLETED
allmeta,"Ore no Nounai Sentakushi ga, Gakuen Love Comedy wo Zenryoku de Jama Shiteiru",19221,40,COMPLETED
allmeta,WHITE ALBUM 2,18245,60,COMPLETED
allmeta,Walkure Romanze,19151,20,COMPLETED
allmeta,Servant x Service,18119,60,COMPLETED
allmeta,Kimi no Iru Machi,17741,60,COMPLETED
allmeta,Hataraku Maou-sama!,15809,40,COMPLETED
allmeta,Yahari Ore no Seishun Love Come wa Machigatteiru.,14813,60,COMPLETED
allmeta,Date A Live,15583,40,COMPLETED
allmeta,Ore no Imouto ga Konna ni Kawaii Wake ga Nai.,13659,60,COMPLETED
allmeta,Hentai Ouji to Warawanai Neko.,15225,60,COMPLETED
allmeta,Photokano,16397,30,COMPLETED
allmeta,Boku wa Tomodachi ga Sukunai NEXT,14967,40,COMPLETED
allmeta,Maoyuu Maou Yuusha,14833,60,COMPLETED
allmeta,Ore no Kanojo to Osananajimi ga Shuraba Sugiru,14749,50,COMPLETED
allmeta,Kotoura-san,15379,50,COMPLETED
allmeta,D.C.III: Da Capo III,14827,40,COMPLETED
allmeta,Sukitte Ii na yo.,14289,70,COMPLETED
allmeta,Sakurasou no Pet na Kanojo,13759,60,COMPLETED
allmeta,Tonari no Kaibutsu-kun,14227,60,COMPLETED
allmeta,Magi: The labyrinth of magic,14513,70,COMPLETED
allmeta,BTOOOM!,14345,50,COMPLETED
allmeta,K,14467,60,COMPLETED
allmeta,Zetsuen no Tempest,14075,60,COMPLETED
allmeta,Kamisama Hajimemashita,14713,55,COMPLETED
allmeta,Sword Art Online,11757,60,COMPLETED
allmeta,Kokoro Connect,11887,75,COMPLETED
allmeta,"Dakara Boku wa, H ga Dekinai.",12549,20,COMPLETED
allmeta,Hagure Yuusha no Estetica,13161,30,COMPLETED
allmeta,"Kono Naka ni Hitori, Imouto ga Iru!",13367,40,COMPLETED
allmeta,Koi to Senkyo to Chocolate,12175,40,COMPLETED
allmeta,Sankarea,11499,50,COMPLETED
allmeta,Sakamichi no Apollon,12531,70,COMPLETED
allmeta,Danshi Koukousei no Nichijou Specials,12893,70,COMPLETED
allmeta,LUPIN the Third: Mine Fujiko to Iu Onna,13203,65,COMPLETED
allmeta,Amagami SS+ plus Specials,12669,30,COMPLETED
allmeta,High School DxD,11617,40,COMPLETED
allmeta,Danshi Koukousei no Nichijou,11843,80,COMPLETED
allmeta,Ano Natsu de Matteru,11433,50,COMPLETED
allmeta,Zero no Tsukaima F,11319,40,COMPLETED
allmeta,Papa no Iukoto wo Kikinasai!,11179,50,COMPLETED
allmeta,Amagami SS+ plus,11235,40,COMPLETED
allmeta,HUNTER×HUNTER (2011),11061,90,COMPLETED
allmeta,Boku wa Tomodachi ga Sukunai,10719,50,COMPLETED
allmeta,Hotarubi no Mori e,10408,90,COMPLETED
allmeta,Mashiroiro Symphony: The color of lovers,10397,60,COMPLETED
allmeta,R-15,10611,40,COMPLETED
allmeta,Steins;Gate,9253,95,COMPLETED
allmeta,Hoshizora e Kakaru Hashi,10079,60,COMPLETED
allmeta,Ore no Imouto ga Konna ni Kawaii Wake ga Nai (ONA),10020,40,COMPLETED
allmeta,Kimi ni Todoke 2ND SEASON,9656,60,COMPLETED
allmeta,Dragon Crisis!,9330,50,COMPLETED
allmeta,Ore no Imouto ga Konna ni Kawaii Wake ga Nai,8769,50,COMPLETED
allmeta,Kami nomi zo Shiru Sekai,8525,70,COMPLETED
allmeta,Yosuga no Sora,8861,50,COMPLETED
allmeta,Sora no Otoshimono: Forte,8407,40,COMPLETED
allmeta,MM!,8424,40,COMPLETED
allmeta,FORTUNE ARTERIAL: Akai Yakusoku,8536,50,COMPLETED
allmeta,Arakawa Under the Bridge x Bridge,9074,40,COMPLETED
allmeta,Seitokai Yakuindomo,8675,20,COMPLETED
allmeta,Amagami SS,8676,30,COMPLETED
allmeta,Kaichou wa Maid-sama!,7054,80,COMPLETED
allmeta,Arakawa Under the Bridge,7647,50,COMPLETED
allmeta,Yojouhan Shinwa Taikei,7785,80,COMPLETED
allmeta,B Gata H Kei,7817,50,COMPLETED
allmeta,RAINBOW: Nisha Rokubou no Shichinin,6114,80,COMPLETED
allmeta,Durarara!!,6746,70,COMPLETED
allmeta,FAIRY TAIL,6702,60,COMPLETED
allmeta,Kimi ni Todoke,6045,70,COMPLETED
allmeta,Sora no Otoshimono,5958,30,COMPLETED
allmeta,Seiken no Blacksmith,5940,60,COMPLETED
allmeta,Umineko no Naku Koro ni,4896,60,COMPLETED
allmeta,Princess Lover!,6201,50,COMPLETED
allmeta,Summer Wars,5681,70,COMPLETED
allmeta,Bakemonogatari,5081,60,COMPLETED
allmeta,Tears to Tiara,3594,60,COMPLETED
allmeta,Hatsukoi Limited,5150,50,COMPLETED
allmeta,Asu no Yoichi!,4999,30,COMPLETED
allmeta,Discipline,2432,40,COMPLETED
allmeta,Gift: eternal rainbow,1581,40,COMPLETED
allmeta,SHUFFLE!,79,40,COMPLETED
allmeta,Boys Be...,105,50,COMPLETED
allmeta,Nogizaka Haruka no Himitsu,3467,30,COMPLETED
allmeta,Nogizaka Haruka no Himitsu: Purezza,6023,30,COMPLETED
allmeta,NANA,877,60,COMPLETED
allmeta,Green Green,133,20,COMPLETED
allmeta,Green Eyes: Ane Kyun! yori THE ANIMATION,98080,85,COMPLETED
allmeta,Densetsu no Yuusha no Densetsu,8086,50,COMPLETED
allmeta,Yuusha ni Narenakatta Ore wa Shibushibu Shuushoku wo Ketsui Shimashita.,18677,20,COMPLETED
allmeta,Nishi no Yoki Majo: Astraea Testament,942,60,COMPLETED
allmeta,Myself ; Yourself,2926,60,COMPLETED
allmeta,One Outs,5040,85,COMPLETED
allmeta,Maken-Ki!,9936,10,COMPLETED
allmeta,Itazura na Kiss,3731,70,COMPLETED
allmeta,Seikoku no Dragonar,20592,50,COMPLETED
allmeta,Ao Haru Ride,20596,60,COMPLETED
allmeta,Seirei no Moribito,1827,80,COMPLETED
allmeta,Peach Girl,325,70,COMPLETED
allmeta,Yamada-kun to 7-nin no Majo (OVA),20740,50,COMPLETED
allmeta,Tenshi na Konamaiki,200,70,COMPLETED
allmeta,Shinmai Maou no Testament Loli Ero Succubus Maria no Characommentary Tsuki Hizou Eizou,21209,30,COMPLETED
allmeta,Shinmai Maou no Testament,20678,40,COMPLETED
allmeta,GOD EATER,20849,30,COMPLETED
allmeta,Mayoiga,21567,20,COMPLETED
allmeta,Code Geass: Hangyaku no Lelouch,1575,85,COMPLETED
allmeta,Code Geass: Hangyaku no Lelouch R2,2904,90,COMPLETED
allmeta,Baccano!,2251,70,COMPLETED
allmeta,Kenpuu Denki Berserk,33,70,COMPLETED
allmeta,NHK ni Youkoso!,1210,70,COMPLETED
allmeta,Gekkan Shoujo Nozaki-kun,20668,50,COMPLETED
allmeta,Zero no Tsukaima,1195,40,COMPLETED
allmeta,Zero no Tsukaima: Futatsuki no Kishi,1840,30,COMPLETED
allmeta,Zero no Tsukaima: Princesses no Rondo,3712,30,COMPLETED
allmeta,Zero no Tsukaima: Princesses no Rondo Picture Drama,6489,20,COMPLETED
allmeta,Zero no Tsukaima: Princesses no Rondo - Yuuwaku no Sunahama,5764,10,COMPLETED
allmeta,Made in Abyss: Fukaki Tamashii no Reimei,100643,70,COMPLETED
allmeta,"Yondemasu yo, Azazel-san. (TV)",10216,40,COMPLETED
allmeta,Just Because!,98820,70,COMPLETED
allmeta,Kami nomi zo Shiru Sekai II,10080,70,COMPLETED
allmeta,Kami nomi zo Shiru Sekai: Megami-hen,16706,70,COMPLETED
allmeta,Itsuka Tenma no Kuro Usagi,9750,20,COMPLETED
allmeta,Oretachi ni Tsubasa wa Nai: under the innocent sky.,9922,50,COMPLETED
allmeta,Campione!: Matsurowanu Kamigami to Kamigoroshi no Maou,12293,10,COMPLETED
allmeta,Love Live! School idol project,15051,10,COMPLETED
allmeta,Grancrest Senki,97768,65,COMPLETED
allmeta,citrus,97832,65,COMPLETED
allmeta,DEVILMAN crybaby,98460,60,COMPLETED
allmeta,Karakai Jouzu no Takagi-san,99468,70,COMPLETED
allmeta,ReLIFE: Kanketsu-hen,98635,85,COMPLETED
allmeta,Shinsekai yori,13125,70,COMPLETED
allmeta,DEATH NOTE,1535,75,COMPLETED
allmeta,Steins;Gate 0,21127,60,COMPLETED
allmeta,Love Hina,189,50,COMPLETED
allmeta,Ookami Kodomo no Ame to Yuki,12355,85,COMPLETED
allmeta,AKIRA,47,60,COMPLETED
allmeta,Tu Bian Yingxiong BABA,97616,65,COMPLETED
allmeta,Shokugeki no Souma: San no Sara - Tootsuki Ressha-hen,100773,70,COMPLETED
allmeta,3D Kanojo: Real Girl,100526,60,COMPLETED
allmeta,Isekai Maou to Shoukan Shoujo no Dorei Majutsu,101004,50,COMPLETED
allmeta,Overlord III,101474,60,COMPLETED
allmeta,Initial D,185,85,COMPLETED
allmeta,Initial D SECOND STAGE,186,75,COMPLETED
allmeta,Initial D THIRD STAGE,187,60,COMPLETED
allmeta,Hyakuren no Haou to Seiyaku no Valkyria,101289,10,COMPLETED
allmeta,Back Street Girls: Gokudols,100665,60,COMPLETED
allmeta,Bakemono no Ko,20981,85,COMPLETED
allmeta,Haikyuu!!,20464,85,COMPLETED
allmeta,Haikyuu!! 2nd Season,20992,95,COMPLETED
allmeta,Haikyuu!!: Karasuno Koukou VS Shiratorizawa Gakuen Koukou,21698,90,COMPLETED
allmeta,Kuroko no Basket,11771,60,COMPLETED
allmeta,Kuroko no Basket 2nd SEASON,16894,60,COMPLETED
allmeta,Kuroko no Basket: Mou Ikkai Yarimasen ka,20603,85,COMPLETED
allmeta,REDLINE,6675,60,COMPLETED
allmeta,Seishun Buta Yarou wa Bunny Girl Senpai no Yume wo Minai,101291,85,COMPLETED
allmeta,Ore ga Suki nano wa Imouto dakedo Imouto ja Nai,100382,20,COMPLETED
allmeta,Higashi no Eden,5630,30,COMPLETED
allmeta,Yakusoku no Neverland,101759,80,COMPLETED
allmeta,Mirai Nikki,10620,50,COMPLETED
allmeta,Kimi no Suizou wo Tabetai,99750,95,COMPLETED
allmeta,Tokyo Daigaku Monogatari,1053,60,COMPLETED
allmeta,Tokyo Godfathers,759,70,COMPLETED
allmeta,Aishiteruze Baby★★,102,75,COMPLETED
allmeta,Go-toubun no Hanayome,103572,50,COMPLETED
allmeta,Domestic na Kanojo,103139,50,COMPLETED
allmeta,Huyao Xiao Hongniang: Zhu Ye,104748,70,COMPLETED
allmeta,Nande Koko ni Sensei ga!?,104325,30,COMPLETED
allmeta,Ano Hi Mita Hana no Namae wo Bokutachi wa Mada Shiranai.,9989,40,COMPLETED
allmeta,VINLAND SAGA,101348,90,COMPLETED
allmeta,Arifureta Shokugyou de Sekai Saikyou,100668,50,COMPLETED
allmeta,CANNON BUSTERS,111131,40,COMPLETED
allmeta,Initial D FOURTH STAGE,18,60,COMPLETED
allmeta,One Punch Man 2,97668,60,COMPLETED
allmeta,Hoshiai no Sora,104052,70,COMPLETED
allmeta,Grand Blue,100922,60,COMPLETED
allmeta,Shinchou Yuusha: Kono Yuusha ga Ore TUEEE Kuse ni Shinchou Sugiru,105156,50,COMPLETED
allmeta,Chihayafuru,10800,80,COMPLETED
allmeta,Chihayafuru 2,14397,95,COMPLETED
allmeta,Chihayafuru 2: Waga Mi Yo ni Furu Nagame Seshi Ma ni,18745,40,COMPLETED
allmeta,Chihayafuru 3,101215,90,COMPLETED
allmeta,Tate no Yuusha no Nariagari,99263,50,COMPLETED
allmeta,Darwin's Game,105190,35,COMPLETED
allmeta,Itai no wa Iya nano de Bougyoryoku ni Kyokufuri Shitai to Omoimasu.,106479,50,COMPLETED
allmeta,Kami no Tou: Tower of God,115230,60,COMPLETED
allmeta,Yesterday wo Utatte,109020,20,COMPLETED
allmeta,"Hachi-nan tte, Sore wa Nai deshou!",106319,30,COMPLETED
allmeta,Kingdom,12031,80,COMPLETED
allmeta,Kingdom 2nd Season,17389,80,COMPLETED
allmeta,Kaze ga Tsuyoku Fuiteiru,101903,50,COMPLETED
allmeta,Sayonara no Asa ni Yakusoku no Hana wo Kazarou,99457,90,COMPLETED
allmeta,Goblin Slayer,101165,50,COMPLETED
allmeta,GREAT PRETENDER,110349,80,COMPLETED
allmeta,Rurouni Kenshin: Meiji Kenkaku Romantan - Tsuioku-hen,44,70,COMPLETED
allmeta,Nande Koko ni Sensei ga!? Special,113924,50,COMPLETED
allmeta,Tada-kun wa Koi wo Shinai,100179,80,COMPLETED
allmeta,Peter Grill to Kenja no Jikan,111965,20,COMPLETED
allmeta,Re:Zero kara Hajimeru Isekai Seikatsu 2nd Season,108632,80,COMPLETED
allmeta,"Maou Gakuin no Futekigousha: Shijou Saikyou no Maou no Shiso, Tensei shite Shison-tachi no Gakkou e Kayou",112301,50,COMPLETED
allmeta,Haikyuu!! TO THE TOP,106625,70,COMPLETED
allmeta,Ore wo Suki nano wa Omae dake ka yo,104464,30,COMPLETED
allmeta,Kenja no Mago,100112,40,COMPLETED
allmeta,Megalo Box,100298,60,COMPLETED
allmeta,100-man no Inochi no Ue ni Ore wa Tatteiru,116242,40,COMPLETED
allmeta,Dogeza de Tanondemita,122137,50,COMPLETED
allmeta,Phantom: Requiem for the Phantom,5682,60,COMPLETED
allmeta,Modao Zushi,101972,70,COMPLETED
allmeta,Modao Zushi 2,104458,70,COMPLETED
allmeta,Jaku-Chara Tomozaki-kun,112443,50,COMPLETED
allmeta,Mushoku Tensei: Isekai Ittara Honki Dasu,108465,80,COMPLETED
allmeta,Tensei Shitara Slime Datta Ken 2nd Season,108511,60,COMPLETED
allmeta,Ore dake Haireru Kakushi Dungeon,118375,40,COMPLETED
allmeta,Go-toubun no Hanayome ∬,109261,60,COMPLETED
allmeta,Jujutsu Kaisen,113415,70,COMPLETED
allmeta,King's Raid: Ishi wo Tsugumonotachi,118376,40,COMPLETED
allmeta,Re:Zero kara Hajimeru Isekai Seikatsu 2nd Season Part 2,119661,70,COMPLETED
allmeta,Kemono Jihen,114085,60,COMPLETED
allmeta,Kaifuku Jutsushi no Yarinaoshi,113425,60,COMPLETED
allmeta,Isekai Maou to Shoukan Shoujo no Dorei Majutsu Ω,117448,30,COMPLETED
allmeta,One Punch Man 2 OVA,108945,50,COMPLETED
allmeta,Youjo Senki Movie,100878,70,COMPLETED
allmeta,Gyakkyou Burai Kaiji: Ultimate Survivor,3002,60,COMPLETED
allmeta,Zettai Karen Children: THE UNLIMITED - Hyoubu Kyousuke,16005,50,COMPLETED
allmeta,Seijo no Maryoku wa Bannou desu,123802,50,COMPLETED
allmeta,Mashiro no Oto,122348,60,COMPLETED
allmeta,Hige wo Soru. Soshite Joshikousei wo Hirou.,114232,50,COMPLETED
allmeta,Shadows House,125038,70,COMPLETED
allmeta,DRIFTERS,21123,80,COMPLETED
allmeta,Gakuen Mokushiroku: HIGHSCHOOL OF THE DEAD - Drifters of the Dead,9515,10,COMPLETED
allmeta,DRIFTERS OVA,97988,70,COMPLETED
allmeta,Angolmois: Genkou Kassenki,99412,70,COMPLETED
allmeta,Peach Boy Riverside,122441,40,COMPLETED
allmeta,Star Wars: Visions,138060,70,COMPLETED
allmeta,Heion Sedai no Idaten-tachi,122434,70,COMPLETED
allmeta,Mushoku Tensei: Isekai Ittara Honki Dasu Part 2,127720,70,COMPLETED
allmeta,Genjitsu Shugi Yuusha no Oukoku Saikenki,117612,60,COMPLETED
allmeta,Meikyuu Black Company,120608,60,COMPLETED
allmeta,Kingdom 3rd Season,113108,70,COMPLETED
allmeta,World Trigger,20729,70,COMPLETED
allmeta,World Trigger 2nd Season,114087,80,COMPLETED
allmeta,"Sekai Saikou no Ansatsusha, Isekai Kizoku ni Tensei suru",129898,70,COMPLETED
allmeta,Saihate no Paladin,132473,40,COMPLETED
allmeta,Xian Wang De Richang Shenghuo,114121,50,COMPLETED
allmeta,Kono Oto Tomare!,103302,70,COMPLETED
allmeta,Kono Oto Tomare! 2,108891,60,COMPLETED
allmeta,Sono Bisque Doll wa Koi wo Suru,132405,60,COMPLETED
allmeta,Tensai Ouji no Akaji Kokka Saisei Jutsu,129190,60,COMPLETED
allmeta,Ousama Ranking,113717,70,COMPLETED
allmeta,Dragon’s Dogma,108356,50,COMPLETED
allmeta,Tonkatsu DJ Agetarou,21297,70,COMPLETED
allmeta,"Yuusha, Yamemasu",140457,30,COMPLETED
allmeta,Shinka no Mi: Shiranai Uchi ni Kachigumi Jinsei,129068,30,COMPLETED
allmeta,Isekai Oji-san,135806,50,COMPLETED
allmeta,Overlord IV,133844,50,COMPLETED
allmeta,Tokyo Revengers,120120,60,COMPLETED
allmeta,Chainsaw Man,127230,70,COMPLETED
allmeta,Fumetsu no Anata e,114535,80,COMPLETED
allmeta,Blend S,97994,60,DROPPED
allmeta,Kino no Tabi -the Beautiful World- the Animated Series,98448,60,DROPPED
allmeta,Code:Realize: Sousei no Himegimi,98630,85,DROPPED
allmeta,Isekai Shokudou,97617,10,DROPPED
allmeta,Katsugeki Touken Ranbu,21742,60,DROPPED
allmeta,Princess Principal,98505,40,DROPPED
allmeta,18if,98512,50,DROPPED
allmeta,Quanzhi Gaoshou,98861,50,DROPPED
allmeta,Alice to Zouroku,97821,60,DROPPED
allmeta,Netoge no Yome wa Onnanoko ja Nai to Omotta?,21290,30,DROPPED
allmeta,FAIRY TAIL (2014),20626,40,DROPPED
allmeta,Kujira no Kora wa Sajou ni Utau,98449,85,DROPPED
allmeta,Darling in the Franxx,99423,35,DROPPED
allmeta,Hagane no Renkinjutsushi: FULLMETAL ALCHEMIST,5114,85,DROPPED
allmeta,Saredo Tsumibito wa Ryuu to Odoru,87504,60,DROPPED
allmeta,Tensei Shitara Slime Datta Ken,101280,50,DROPPED
allmeta,Tengen Toppa Gurren Lagann,2001,40,DROPPED
allmeta,Souten Kouro,5226,60,DROPPED
allmeta,Ahiru no Sora,101239,60,DROPPED
allmeta,Hana Yori Dango,106,40,DROPPED
allmeta,Hataage! Kemono Michi,107339,6,DROPPED
allmeta,Black Clover,97940,60,PAUSED
nitrofire11111,3-gatsu no Lion,21366,80,COMPLETED
nitrofire11111,3-gatsu no Lion 2,98478,90,COMPLETED
nitrofire11111,Aho-Girl,98251,80,COMPLETED
nitrofire11111,Akame ga Kill!,20613,40,COMPLETED
nitrofire11111,Akane Sasu Shoujo,101360,70,COMPLETED
nitrofire11111,AKIRA,47,70,COMPLETED
nitrofire11111,Amagi Brilliant Park,20602,80,COMPLETED
nitrofire11111,Angel Beats!,6547,70,COMPLETED
nitrofire11111,Ano Hi Mita Hana no Namae wo Bokutachi wa Mada Shiranai.,9989,90,COMPLETED
nitrofire11111,Another,11111,70,COMPLETED
nitrofire11111,Ansatsu Kyoushitsu,20755,80,COMPLETED
nitrofire11111,Ansatsu Kyoushitsu 2,21170,90,COMPLETED
nitrofire11111,Ao Haru Ride,20596,70,COMPLETED
nitrofire11111,Arifureta Shokugyou de Sekai Saikyou,100668,40,COMPLETED
nitrofire11111,Azur Lane,104159,50,COMPLETED
nitrofire11111,Baccano!,2251,60,COMPLETED
nitrofire11111,Baka to Test to Shoukanjuu,6347,80,COMPLETED
nitrofire11111,Baka to Test to Shoukanjuu Ni!,8516,80,COMPLETED
nitrofire11111,Baka to Test to Shoukanjuu: Matsuri,9471,80,COMPLETED
nitrofire11111,Bakemonogatari,5081,80,COMPLETED
nitrofire11111,Bakuman.,7674,100,COMPLETED
nitrofire11111,Bakuman. 2,10030,100,COMPLETED
nitrofire11111,Bakuman. 3,12365,100,COMPLETED
nitrofire11111,BanG Dream!,87435,70,COMPLETED
nitrofire11111,BanG Dream! 2nd Season,101633,70,COMPLETED
nitrofire11111,BanG Dream! 3rd Season,101634,80,COMPLETED
nitrofire11111,BanG Dream! Garupa☆Pico,101632,70,COMPLETED
nitrofire11111,BEASTARS,107660,70,COMPLETED
nitrofire11111,Berserk,21560,60,COMPLETED
nitrofire11111,Blend S,97994,70,COMPLETED
nitrofire11111,BNA,110354,80,COMPLETED
nitrofire11111,Boku dake ga Inai Machi,21234,90,COMPLETED
nitrofire11111,Boku no Hero Academia,21459,80,COMPLETED
nitrofire11111,Boku no Hero Academia 2,21856,90,COMPLETED
nitrofire11111,Boku no Hero Academia 3,100166,90,COMPLETED
nitrofire11111,Boku no Hero Academia 4,104276,80,COMPLETED
nitrofire11111,Boku no Kanojo ga Majime Sugiru Shoujo Bitch na Ken,98951,40,COMPLETED
nitrofire11111,Boku wa Tomodachi ga Sukunai,10719,80,COMPLETED
nitrofire11111,Boku wa Tomodachi ga Sukunai NEXT,14967,90,COMPLETED
nitrofire11111,Boogiepop wa Warawanai,101283,80,COMPLETED
nitrofire11111,BORUTO: NARUTO THE MOVIE,21220,80,COMPLETED
nitrofire11111,BORUTO: NARUTO THE MOVIE - Naruto ga Hokage ni Natta Hi,21579,80,COMPLETED
nitrofire11111,Byousoku 5 Centimeter,1689,70,COMPLETED
nitrofire11111,Charlotte,20997,80,COMPLETED
nitrofire11111,ChäoS;HEAd,4975,50,COMPLETED
nitrofire11111,citrus,97832,90,COMPLETED
nitrofire11111,CLANNAD,2167,80,COMPLETED
nitrofire11111,CLANNAD: After Story,4181,90,COMPLETED
nitrofire11111,Code Geass: Hangyaku no Lelouch,1575,90,COMPLETED
nitrofire11111,Code Geass: Hangyaku no Lelouch R2,2904,100,COMPLETED
nitrofire11111,D-Frag!,20031,90,COMPLETED
nitrofire11111,D-Frag! OVA,20856,80,COMPLETED
nitrofire11111,Danganronpa 3: The End of Kibougamine Gakuen - Kibou-hen,97672,100,COMPLETED
nitrofire11111,Danganronpa 3: The End of Kibougamine Gakuen - Mirai-hen,21509,90,COMPLETED
nitrofire11111,Danganronpa 3: The End of Kibougamine Gakuen - Zetsubou-hen,21825,90,COMPLETED
nitrofire11111,Danganronpa: Kibou no Gakuen to Zetsubou no Koukousei - The Animation,16592,10,COMPLETED
nitrofire11111,Danshi Koukousei no Nichijou,11843,80,COMPLETED
nitrofire11111,Darling in the Franxx,99423,90,COMPLETED
nitrofire11111,Darwin's Game,105190,70,COMPLETED
nitrofire11111,Deadman Wonderland,6880,70,COMPLETED
nitrofire11111,Death March Kara Hajimaru Isekai Kyousoukyoku,97907,60,COMPLETED
nitrofire11111,DEATH NOTE,1535,100,COMPLETED
nitrofire11111,DEATH NOTE Rewrite,2994,90,COMPLETED
nitrofire11111,Death Parade,20931,90,COMPLETED
nitrofire11111,Demi-chan wa Kataritai,97592,70,COMPLETED
nitrofire11111,DEVILMAN crybaby,98460,80,COMPLETED
nitrofire11111,Dr. STONE,105333,90,COMPLETED
nitrofire11111,Dumbbell Nan Kilo Moteru?,107226,80,COMPLETED
nitrofire11111,Durarara!!,6746,80,COMPLETED
nitrofire11111,Durarara!!x2 Ketsu,20880,80,COMPLETED
nitrofire11111,Durarara!!x2 Shou,20652,80,COMPLETED
nitrofire11111,Durarara!!x2 Ten,20879,80,COMPLETED
nitrofire11111,Eromanga Sensei,21685,70,COMPLETED
nitrofire11111,FAIRY TAIL,6702,90,COMPLETED
nitrofire11111,FAIRY TAIL (2014),20626,100,COMPLETED
nitrofire11111,FAIRY TAIL Movie: Houou no Miko,12049,80,COMPLETED
nitrofire11111,Fate/stay night,356,80,COMPLETED
nitrofire11111,Fate/stay night: Unlimited Blade Works,19603,90,COMPLETED
nitrofire11111,Fate/stay night: Unlimited Blade Works 2nd Season,20792,90,COMPLETED
nitrofire11111,Fate/Zero,10087,80,COMPLETED
nitrofire11111,Fate/Zero 2nd Season,11741,80,COMPLETED
nitrofire11111,Fruits Basket: 1st Season,105334,80,COMPLETED
nitrofire11111,Hagane no Renkinjutsushi: FULLMETAL ALCHEMIST,5114,90,COMPLETED
nitrofire11111,Gamers!,97766,80,COMPLETED
nitrofire11111,"GATE: Jieitai Kanochi nite, Kaku Tatakaeri",20994,90,COMPLETED
nitrofire11111,"GATE: Jieitai Kanochi nite, Kaku Tatakaeri 2",21364,80,COMPLETED
nitrofire11111,Gekkan Shoujo Nozaki-kun,20668,70,COMPLETED
nitrofire11111,Gin no Saji,16918,80,COMPLETED
nitrofire11111,Gin no Saji 2,19363,90,COMPLETED
nitrofire11111,GJ-bu,14811,70,COMPLETED
nitrofire11111,Gleipnir,108241,80,COMPLETED
nitrofire11111,Goblin Slayer,101165,70,COMPLETED
nitrofire11111,Grand Blue,100922,90,COMPLETED
nitrofire11111,Grisaia no Kajitsu,17729,100,COMPLETED
nitrofire11111,Grisaia no Meikyuu,21005,100,COMPLETED
nitrofire11111,Grisaia no Rakuen,21006,100,COMPLETED
nitrofire11111,Guilty Crown,10793,70,COMPLETED
nitrofire11111,Haikyuu!!,20464,80,COMPLETED
nitrofire11111,Haikyuu!! 2nd Season,20992,90,COMPLETED
nitrofire11111,Haikyuu!!: Karasuno Koukou VS Shiratorizawa Gakuen Koukou,21698,80,COMPLETED
nitrofire11111,Hajimete no Gal,97863,60,COMPLETED
nitrofire11111,Hanamonogatari,20593,70,COMPLETED
nitrofire11111,Hanebado!,101045,60,COMPLETED
nitrofire11111,Happy Sugar Life,101351,70,COMPLETED
nitrofire11111,Hataraku Maou-sama!,15809,70,COMPLETED
nitrofire11111,Hello!! Kiniro Mosaic,20654,90,COMPLETED
nitrofire11111,Higashi no Eden,5630,70,COMPLETED
nitrofire11111,Higashi no Eden Movie I: The King of Eden,6372,80,COMPLETED
nitrofire11111,Higashi no Eden Movie II: Paradise Lost,6637,80,COMPLETED
nitrofire11111,High School DxD,11617,80,COMPLETED
nitrofire11111,High School DxD BorN,20745,80,COMPLETED
nitrofire11111,High School DxD NEW,15451,80,COMPLETED
nitrofire11111,Higurashi no Naku Koro ni,934,80,COMPLETED
nitrofire11111,Higurashi no Naku Koro ni Kai,1889,90,COMPLETED
nitrofire11111,Higurashi no Naku Koro ni Kira,10491,10,COMPLETED
nitrofire11111,Higurashi no Naku Koro ni Rei,3652,80,COMPLETED
nitrofire11111,Hotarubi no Mori e,10408,80,COMPLETED
nitrofire11111,HUNTER×HUNTER (2011),11061,90,COMPLETED
nitrofire11111,Hyouka,12189,100,COMPLETED
nitrofire11111,ID: INVADED,110350,80,COMPLETED
nitrofire11111,Imouto sae Ireba Ii.,98596,70,COMPLETED
nitrofire11111,Inu x Boku SS,11013,60,COMPLETED
nitrofire11111,Inuyashiki,97922,90,COMPLETED
nitrofire11111,Irozuku Sekai no Ashita kara,101316,70,COMPLETED
nitrofire11111,Isekai Maou to Shoukan Shoujo no Dorei Majutsu,101004,70,COMPLETED
nitrofire11111,Isekai Quartet,104454,70,COMPLETED
nitrofire11111,Isekai wa Smartphone to Tomo ni.,98491,70,COMPLETED
nitrofire11111,Itai no wa Iya nano de Bougyoryoku ni Kyokufuri Shitai to Omoimasu.,106479,80,COMPLETED
nitrofire11111,JoJo no Kimyou na Bouken (TV),14719,80,COMPLETED
nitrofire11111,JoJo no Kimyou na Bouken: Stardust Crusaders,20474,90,COMPLETED
nitrofire11111,JoJo no Kimyou na Bouken: Stardust Crusaders - Egypt-hen,20799,90,COMPLETED
nitrofire11111,JoJo no Kimyou na Bouken: Diamond wa Kudakenai,21450,90,COMPLETED
nitrofire11111,JoJo no Kimyou na Bouken: Ougon no Kaze,102883,90,COMPLETED
nitrofire11111,Joshikousei no Mudazukai,105081,90,COMPLETED
nitrofire11111,Just Because!,98820,80,COMPLETED
nitrofire11111,Juuni Taisen,98443,70,COMPLETED
nitrofire11111,Kaguya-sama wa Kokurasetai: Tensaitachi no Renai Zunousen,101921,80,COMPLETED
nitrofire11111,Kaguya-sama wa Kokurasetai?: Tensaitachi no Renai Zunousen,112641,80,COMPLETED
nitrofire11111,Kakegurui,98314,80,COMPLETED
nitrofire11111,Kakegurui ××,100876,80,COMPLETED
nitrofire11111,Kakushigoto,113311,80,COMPLETED
nitrofire11111,Kami no Tou: Tower of God,115230,80,COMPLETED
nitrofire11111,Kaze ga Tsuyoku Fuiteiru,101903,80,COMPLETED
nitrofire11111,Keijo!!!!!!!!,21639,70,COMPLETED
nitrofire11111,Kimetsu no Yaiba,101922,100,COMPLETED
nitrofire11111,Kimi no Na wa.,21519,80,COMPLETED
nitrofire11111,Kimi no Suizou wo Tabetai,99750,100,COMPLETED
nitrofire11111,Kiniro Mosaic,16732,90,COMPLETED
nitrofire11111,Kiniro Mosaic: Pretty Days,21753,90,COMPLETED
nitrofire11111,Kiseijuu: Sei no Kakuritsu,20623,90,COMPLETED
nitrofire11111,Koe no Katachi,20954,80,COMPLETED
nitrofire11111,Koi wa Ameagari no You ni,98385,80,COMPLETED
nitrofire11111,Kokoro Connect,11887,90,COMPLETED
nitrofire11111,Kokoro Connect: Michi Random,16001,90,COMPLETED
nitrofire11111,Kono Subarashii Sekai ni Shukufuku wo!,21202,90,COMPLETED
nitrofire11111,Kono Subarashii Sekai ni Shukufuku wo! 2,21699,90,COMPLETED
nitrofire11111,Kotonoha no Niwa,16782,80,COMPLETED
nitrofire11111,Kuroko no Basket,11771,80,COMPLETED
nitrofire11111,Kuroko no Basket 2nd SEASON,16894,80,COMPLETED
nitrofire11111,Kuroko no Basket 3rd SEASON,20725,90,COMPLETED
nitrofire11111,Kuroko no Basket: Last Game,21377,70,COMPLETED
nitrofire11111,Love Live! School idol project,15051,80,COMPLETED
nitrofire11111,Love Live! School idol project 2nd Season,19111,80,COMPLETED
nitrofire11111,Love Live! Sunshine!!,21584,80,COMPLETED
nitrofire11111,Love Live! Sunshine!! 2nd Season,98349,80,COMPLETED
nitrofire11111,Love Live! Sunshine!! The School Idol Movie: Over the Rainbow,100965,100,COMPLETED
nitrofire11111,Love Live! The School Idol Movie,20766,90,COMPLETED
nitrofire11111,Magia Record: Mahou Shoujo Madoka☆Magica Gaiden,104051,80,COMPLETED
nitrofire11111,Mahou Shoujo Madoka☆Magica,9756,80,COMPLETED
nitrofire11111,Mahou Shoujo Madoka☆Magica: Hangyaku no Monogatari,11981,80,COMPLETED
nitrofire11111,Mahouka Koukou no Rettousei,20458,80,COMPLETED
nitrofire11111,Mahoutsukai no Yome,98436,90,COMPLETED
nitrofire11111,Mairimashita! Iruma-kun,107693,70,COMPLETED
nitrofire11111,Mangaka-san to Assistant-san to THE ANIMATION,20537,70,COMPLETED
nitrofire11111,Masamune-kun no Revenge,21857,70,COMPLETED
nitrofire11111,Mayonaka no Occult Koumuin,102939,80,COMPLETED
nitrofire11111,Mikakunin de Shinkoukei,20483,70,COMPLETED
nitrofire11111,Mirai Nikki,10620,80,COMPLETED
nitrofire11111,Mob Psycho 100,21507,70,COMPLETED
nitrofire11111,Mondaiji-tachi ga Isekai kara Kuru Sou Desu yo?,15315,60,COMPLETED
nitrofire11111,Monogatari Series: Second Season,17074,90,COMPLETED
nitrofire11111,Naka no Hito Genome [Jikkyouchuu],102926,80,COMPLETED
nitrofire11111,Nakitai Watashi wa Neko wo Kaburu,114963,80,COMPLETED
nitrofire11111,Nanatsu no Taizai,20789,80,COMPLETED
nitrofire11111,Nanatsu no Taizai: Imashime no Fukkatsu,99539,70,COMPLETED
nitrofire11111,NARUTO,20,80,COMPLETED
nitrofire11111,NARUTO: Shippuuden,1735,90,COMPLETED
nitrofire11111,Net-juu no Susume,99726,80,COMPLETED
nitrofire11111,Nichijou,10165,80,COMPLETED
nitrofire11111,Nisemonogatari,11597,80,COMPLETED
nitrofire11111,No Game No Life,19815,80,COMPLETED
nitrofire11111,Noragami,20447,70,COMPLETED
nitrofire11111,Noragami ARAGOTO,21128,80,COMPLETED
nitrofire11111,Okusama ga Seitokaichou!,20984,40,COMPLETED
nitrofire11111,Okusama ga Seitokaichou!+!,21610,40,COMPLETED
nitrofire11111,One Punch Man,21087,80,COMPLETED
nitrofire11111,One Punch Man 2,97668,80,COMPLETED
nitrofire11111,orange,21647,70,COMPLETED
nitrofire11111,Ore ga Suki nano wa Imouto dakedo Imouto ja Nai,100382,30,COMPLETED
nitrofire11111,Ore no Imouto ga Konna ni Kawaii Wake ga Nai,8769,70,COMPLETED
nitrofire11111,Ore no Imouto ga Konna ni Kawaii Wake ga Nai (ONA),10020,80,COMPLETED
nitrofire11111,Ore no Imouto ga Konna ni Kawaii Wake ga Nai.,13659,80,COMPLETED
nitrofire11111,Ore no Imouto ga Konna ni Kawaii Wake ga Nai. (ONA),18857,80,COMPLETED
nitrofire11111,Ore wo Suki nano wa Omae dake ka yo,104464,70,COMPLETED
nitrofire11111,Otome Game no Hametsu Flag shika Nai Akuyaku Reijou ni Tensei shiteshimatta…,104647,80,COMPLETED
nitrofire11111,Overlord,20832,80,COMPLETED
nitrofire11111,Overlord II,98437,90,COMPLETED
nitrofire11111,Overlord III,101474,80,COMPLETED
nitrofire11111,Owarimonogatari,21262,80,COMPLETED
nitrofire11111,Owarimonogatari (Ge),21745,80,COMPLETED
nitrofire11111,Plastic Memories,20872,100,COMPLETED
nitrofire11111,Prison School,20807,70,COMPLETED
nitrofire11111,PSYCHO-PASS,13601,90,COMPLETED
nitrofire11111,PSYCHO-PASS 2,20513,80,COMPLETED
nitrofire11111,Quanzhi Gaoshou,98861,60,COMPLETED
nitrofire11111,Rakudai Kishi no Cavalry,21092,60,COMPLETED
nitrofire11111,Re:Zero kara Hajimeru Isekai Seikatsu,21355,80,COMPLETED
nitrofire11111,Rokudenashi Majutsu Koushi to Akashic Records,21700,70,COMPLETED
nitrofire11111,Saenai Heroine no Sodatekata,20657,70,COMPLETED
nitrofire11111,Saenai Heroine no Sodatekata ♭,21180,80,COMPLETED
nitrofire11111,Sakamoto desu ga?,21595,70,COMPLETED
nitrofire11111,Sakasama no Patema,12477,80,COMPLETED
nitrofire11111,Sakurasou no Pet na Kanojo,13759,100,COMPLETED
nitrofire11111,Sakurako-san no Ashimoto ni wa Shitai ga Umatteiru,21066,70,COMPLETED
nitrofire11111,Samurai Champloo,205,70,COMPLETED
nitrofire11111,Satsuriku no Tenshi,99629,70,COMPLETED
nitrofire11111,Seishun Buta Yarou wa Bunny Girl Senpai no Yume wo Minai,101291,80,COMPLETED
nitrofire11111,Seitokai Yakuindomo＊,20448,90,COMPLETED
nitrofire11111,Shichisei no Subaru,100085,70,COMPLETED
nitrofire11111,Shigatsu wa Kimi no Uso,20665,90,COMPLETED
nitrofire11111,Shiki,7724,90,COMPLETED
nitrofire11111,Shingeki no Kyojin,16498,80,COMPLETED
nitrofire11111,Shinsekai yori,13125,70,COMPLETED
nitrofire11111,SHIROBAKO,20812,80,COMPLETED
nitrofire11111,Shokugeki no Souma,20923,80,COMPLETED
nitrofire11111,Shokugeki no Souma: Ni no Sara,21518,80,COMPLETED
nitrofire11111,Shokugeki no Souma: San no Sara,99255,90,COMPLETED
nitrofire11111,Sora yori mo Tooi Basho,99426,100,COMPLETED
nitrofire11111,Steins;Gate,9253,90,COMPLETED
nitrofire11111,Steins;Gate 0,21127,90,COMPLETED
nitrofire11111,Strike the Blood,18277,70,COMPLETED
nitrofire11111,Strike the Blood II,21815,60,COMPLETED
nitrofire11111,Strike the Blood: Valkyria no Oukoku-hen,21098,60,COMPLETED
nitrofire11111,Sword Art Online,11757,70,COMPLETED
nitrofire11111,Sword Art Online Alternative: Gun Gale Online,100183,80,COMPLETED
nitrofire11111,Sword Art Online II,20594,70,COMPLETED
nitrofire11111,Sword Art Online: Alicization,100182,90,COMPLETED
nitrofire11111,Sword Art Online: Alicization - War of Underworld,108759,70,COMPLETED
nitrofire11111,Taimadou Gakuen 35 Shiken Shoutai,20704,60,COMPLETED
nitrofire11111,Tantei Opera Milky Holmes,7768,10,COMPLETED
nitrofire11111,Tate no Yuusha no Nariagari,99263,80,COMPLETED
nitrofire11111,Tenki no Ko,106286,100,COMPLETED
nitrofire11111,Tensei Shitara Slime Datta Ken,101280,90,COMPLETED
nitrofire11111,Toaru Kagaku no Railgun,6213,80,COMPLETED
nitrofire11111,Toaru Kagaku no Railgun S,16049,90,COMPLETED
nitrofire11111,Toaru Majutsu no Index,4654,80,COMPLETED
nitrofire11111,Toaru Majutsu no Index II,8937,80,COMPLETED
nitrofire11111,Toaru Majutsu no Index III,100185,80,COMPLETED
nitrofire11111,Tokyo Ghoul,20605,70,COMPLETED
nitrofire11111,Tokyo Ravens,16011,70,COMPLETED
nitrofire11111,Tonari no Kaibutsu-kun,14227,70,COMPLETED
nitrofire11111,Toradora!,4224,70,COMPLETED
nitrofire11111,Tsugumomo,97625,50,COMPLETED
nitrofire11111,Tsurezure Children,98291,70,COMPLETED
nitrofire11111,Usagi Drop,10162,80,COMPLETED
nitrofire11111,Violet Evergarden,21827,90,COMPLETED
nitrofire11111,Yagate Kimi ni Naru,101573,80,COMPLETED
nitrofire11111,Yahari Ore no Seishun Love Come wa Machigatteiru.,14813,90,COMPLETED
nitrofire11111,Yahari Ore no Seishun Love Come wa Machigatteiru. Zoku,20698,90,COMPLETED
nitrofire11111,Yakusoku no Neverland,101759,90,COMPLETED
nitrofire11111,Yamada-kun to 7-nin no Majo,20966,90,COMPLETED
nitrofire11111,Youkoso Jitsuryoku Shijou Shugi no Kyoushitsu e,98659,80,COMPLETED
nitrofire11111,Zankyou no Terror,20661,100,COMPLETED
nitrofire11111,Zetsuen no Tempest,14075,90,COMPLETED
nitrofire11111,Zombie Land Saga,103871,70,COMPLETED
nitrofire11111,Gakusen Toshi Asterisk,21131,40,DROPPED
nitrofire11111,Watashi ga Motete Dousunda,21686,20,DROPPED
nitrofire11111,Enen no Shouboutai,105310,80,CURRENT
nitrofire11111,Haikyuu!! TO THE TOP,106625,90,CURRENT
nitrofire11111,"Maou Gakuin no Futekigousha: Shijou Saikyou no Maou no Shiso, Tensei shite Shison-tachi no Gakkou e Kayou",112301,70,CURRENT
nitrofire11111,Mushishi,457,90,CURRENT
nitrofire11111,ONE PIECE,21,100,CURRENT
nitrofire11111,Toaru Kagaku no Railgun T,104462,90,CURRENT
nitrofire11111,Yesterday wo Utatte,109020,70,CURRENT
